"extent","model","model_num","k","delta_aicc","log_likelihood","adj_r2","% lake","% wetland","(intercept)","canopy","forest disturbance","human impact","road density","substrate size","wetted width"
"catchment","invertebrate biomass","null",2,3.32892665580579,0.271630456952036,0,NA,NA,"0.25 ( 0.05 )",NA,NA,NA,NA,NA,NA
"catchment","invertebrate biomass","1",5,2.98207072015915,4.56869478841172,0.172337760290642,NA,NA,"0.43 ( 0.14 )",NA,"0.01 ( 0.16 )",NA,NA,"0.03 ( 0.21 )","-0.48 ( 0.17 )"
"catchment","invertebrate biomass","2",5,2.21310493587991,4.95317768055134,0.194758619212882,NA,NA,"0.38 ( 0.13 )",NA,NA,NA,"0.13 ( 0.15 )","0.04 ( 0.2 )","-0.47 ( 0.17 )"
"catchment","invertebrate biomass","3",5,2.93773635569499,4.5908619706438,0.173647219030567,NA,NA,"0.44 ( 0.13 )",NA,NA,"-0.03 ( 0.16 )",NA,"0.03 ( 0.21 )","-0.49 ( 0.17 )"
"catchment","invertebrate biomass","4",6,5.24359425439754,5.07429665765616,0.166986087845957,NA,NA,"0.39 ( 0.14 )",NA,NA,"-0.07 ( 0.17 )","0.15 ( 0.16 )","0.04 ( 0.21 )","-0.47 ( 0.17 )"
"catchment","invertebrate biomass","5",6,5.41397410711491,4.98910673129747,0.161901749173401,NA,NA,"0.4 ( 0.14 )",NA,"-0.04 ( 0.17 )",NA,"0.14 ( 0.17 )","0.05 ( 0.21 )","-0.47 ( 0.17 )"
"catchment","invertebrate biomass","6",6,6.2087685745571,4.59170949757638,0.137771036134193,NA,NA,"0.43 ( 0.15 )",NA,"0.01 ( 0.17 )","-0.03 ( 0.17 )",NA,"0.03 ( 0.21 )","-0.48 ( 0.18 )"
"catchment","invertebrate biomass","7",7,8.65145091666381,5.17036832652302,0.135077555130677,NA,NA,"0.42 ( 0.15 )",NA,"-0.07 ( 0.19 )","-0.1 ( 0.18 )","0.18 ( 0.18 )","0.06 ( 0.22 )","-0.48 ( 0.18 )"
"catchment","invertebrate biomass","8",4,0,4.56565900224623,0.205271938243651,NA,NA,"0.43 ( 0.12 )",NA,NA,NA,NA,"0.03 ( 0.2 )","-0.48 ( 0.16 )"
"catchment","invertebrate biomass","9",3,5.58748174102663,0.402352914341615,-0.0288102212782178,NA,NA,"0.21 ( 0.09 )",NA,"0.09 ( 0.18 )",NA,NA,NA,NA
"catchment","invertebrate biomass","10",3,4.56202452416168,0.915081522774088,0.00818676682607999,NA,NA,"0.2 ( 0.07 )",NA,NA,NA,"0.19 ( 0.17 )",NA,NA
"catchment","invertebrate biomass","11",3,5.84568746095414,0.273250054377861,-0.0383414104363162,NA,NA,"0.25 ( 0.06 )",NA,NA,"-0.01 ( 0.18 )",NA,NA,NA
"catchment","EPT index","null",2,0,-2.33111815569543,0,NA,NA,"0.43 ( 0.05 )",NA,NA,NA,NA,NA,NA
"catchment","EPT index","1",5,4.10472721650187,-0.259845400309997,0.0297145945110141,NA,NA,"0.13 ( 0.16 )",NA,"0.22 ( 0.19 )",NA,NA,"0.23 ( 0.25 )","0.21 ( 0.2 )"
"catchment","EPT index","2",5,4.42956327378899,-0.422263428953559,0.0183924857781137,NA,NA,"0.15 ( 0.16 )",NA,NA,NA,"0.19 ( 0.19 )","0.27 ( 0.25 )","0.2 ( 0.2 )"
"catchment","EPT index","3",5,5.37259614442217,-0.893779864270146,-0.0152308396274812,NA,NA,"0.24 ( 0.15 )",NA,NA,"-0.09 ( 0.19 )",NA,"0.26 ( 0.25 )","0.16 ( 0.2 )"
"catchment","EPT index","4",6,6.95158144686934,-0.0469088791300944,0.00281119655960982,NA,NA,"0.17 ( 0.16 )",NA,NA,"-0.16 ( 0.2 )","0.23 ( 0.2 )","0.28 ( 0.25 )","0.19 ( 0.2 )"
"catchment","EPT index","5",6,6.88038789295743,-0.0113121021741389,0.00534345500247668,NA,NA,"0.11 ( 0.17 )",NA,"0.17 ( 0.21 )",NA,"0.13 ( 0.2 )","0.24 ( 0.25 )","0.22 ( 0.21 )"
"catchment","EPT index","6",6,7.27483435757516,-0.208535334483009,-0.00876780541690003,NA,NA,"0.15 ( 0.18 )",NA,"0.21 ( 0.2 )","-0.06 ( 0.2 )",NA,"0.23 ( 0.25 )","0.21 ( 0.21 )"
"catchment","EPT index","7",7,10.0833840010733,0.187189843767901,-0.0252282490774649,NA,NA,"0.13 ( 0.18 )",NA,"0.13 ( 0.22 )","-0.12 ( 0.21 )","0.17 ( 0.22 )","0.25 ( 0.26 )","0.21 ( 0.21 )"
"catchment","EPT index","8",4,2.64594011726988,-1.02452299693906,0.0162339698980688,NA,NA,"0.22 ( 0.15 )",NA,NA,NA,NA,"0.26 ( 0.25 )","0.17 ( 0.2 )"
"catchment","EPT index","9",3,1.30247048381071,-1.72235339760078,0.00572641027348875,NA,NA,"0.35 ( 0.09 )",NA,"0.2 ( 0.19 )",NA,NA,NA,NA
"catchment","EPT index","10",3,1.85140779799878,-1.99682205469482,-0.0139585585504984,NA,NA,"0.39 ( 0.07 )",NA,NA,NA,"0.15 ( 0.19 )",NA,NA
"catchment","EPT index","11",3,2.24248554842573,-2.19236092990829,-0.0282199441170718,NA,NA,"0.45 ( 0.07 )",NA,NA,"-0.1 ( 0.19 )",NA,NA,NA
"catchment","periphyton biomass","null",2,1.7925109079465,5.93529137346446,0,NA,NA,"0.2 ( 0.04 )",NA,NA,NA,NA,NA,NA
"catchment","periphyton biomass","1",5,1.9982369576457,9.95606471225122,0.15584154572139,NA,NA,"-0.01 ( 0.12 )","0.2 ( 0.13 )","-0.12 ( 0.13 )",NA,NA,NA,"0.41 ( 0.16 )"
"catchment","periphyton biomass","2",5,2.76922374181542,9.57057132016636,0.132274464512017,NA,NA,"-0.03 ( 0.12 )","0.18 ( 0.13 )",NA,NA,"-0.06 ( 0.13 )",NA,"0.41 ( 0.16 )"
"catchment","periphyton biomass","3",5,2.94569698396964,9.48233469908925,0.1267882532695,NA,NA,"-0.05 ( 0.12 )","0.17 ( 0.13 )",NA,"-0.03 ( 0.14 )",NA,NA,"0.42 ( 0.16 )"
"catchment","periphyton biomass","4",6,6.0352068241193,9.57394341537806,0.0947653319698986,NA,NA,"-0.03 ( 0.13 )","0.17 ( 0.13 )",NA,"-0.01 ( 0.14 )","-0.05 ( 0.14 )",NA,"0.41 ( 0.17 )"
"catchment","periphyton biomass","5",6,5.25939894974159,9.96184735256691,0.119502764979977,NA,NA,"-0.01 ( 0.13 )","0.2 ( 0.13 )","-0.12 ( 0.15 )",NA,"-0.01 ( 0.14 )",NA,"0.41 ( 0.16 )"
"catchment","periphyton biomass","6",6,5.14314977111034,10.0199719418825,0.123150796882789,NA,NA,"0.01 ( 0.13 )","0.19 ( 0.13 )","-0.13 ( 0.14 )","-0.04 ( 0.14 )",NA,NA,"0.41 ( 0.16 )"
"catchment","periphyton biomass","7",7,8.74271955138749,10.020187051744,0.0833080999930936,NA,NA,"0.01 ( 0.14 )","0.19 ( 0.13 )","-0.13 ( 0.16 )","-0.05 ( 0.15 )","0 ( 0.15 )",NA,"0.41 ( 0.17 )"
"catchment","periphyton biomass","8",4,0,9.46111204482901,0.160445002610858,NA,NA,"-0.05 ( 0.11 )","0.18 ( 0.12 )",NA,NA,NA,NA,"0.42 ( 0.16 )"
"catchment","periphyton biomass","9",3,3.42372666047561,6.3796834971999,-0.00601605765143809,NA,NA,"0.25 ( 0.07 )",NA,"-0.13 ( 0.14 )",NA,NA,NA,NA
"catchment","periphyton biomass","10",3,3.73465386163734,6.22421989661904,-0.0172496627097471,NA,NA,"0.23 ( 0.05 )",NA,NA,NA,"-0.1 ( 0.14 )",NA,NA
"catchment","periphyton biomass","11",3,4.10439678431495,6.03934843528023,-0.0307716337166855,NA,NA,"0.21 ( 0.05 )",NA,NA,"-0.06 ( 0.15 )",NA,NA,NA
"catchment","% shredders","null",2,7.13591131831224,-1.20754374230019,0,NA,NA,"0.28 ( 0.05 )",NA,NA,NA,NA,NA,NA
"catchment","% shredders","1",5,2.5233744404586,5.22236106026299,0.289293603431799,NA,NA,"0.73 ( 0.14 )",NA,"-0.1 ( 0.16 )",NA,NA,"-0.61 ( 0.2 )","-0.21 ( 0.17 )"
"catchment","% shredders","2",5,2.23852281000194,5.36478687549132,0.296487160234706,NA,NA,"0.73 ( 0.13 )",NA,NA,NA,"-0.12 ( 0.15 )","-0.63 ( 0.2 )","-0.2 ( 0.16 )"
"catchment","% shredders","3",5,2.94243873643106,5.01282891227676,0.278576760663015,NA,NA,"0.7 ( 0.12 )",NA,NA,"-0.03 ( 0.16 )",NA,"-0.63 ( 0.2 )","-0.19 ( 0.17 )"
"catchment","% shredders","4",6,5.5106345005692,5.36509466657133,0.265915784537818,NA,NA,"0.73 ( 0.13 )",NA,NA,"0 ( 0.16 )","-0.12 ( 0.16 )","-0.63 ( 0.21 )","-0.2 ( 0.17 )"
"catchment","% shredders","5",6,5.3559130360676,5.44245539882213,0.269960975884769,NA,NA,"0.75 ( 0.14 )",NA,"-0.06 ( 0.17 )",NA,"-0.1 ( 0.17 )","-0.62 ( 0.21 )","-0.21 ( 0.17 )"
"catchment","% shredders","6",6,5.68425771574554,5.27828305898316,0.261349711674646,NA,NA,"0.74 ( 0.15 )",NA,"-0.11 ( 0.16 )","-0.05 ( 0.16 )",NA,"-0.61 ( 0.21 )","-0.21 ( 0.17 )"
"catchment","% shredders","7",7,8.94624301332858,5.44729041019164,0.237040923371069,NA,NA,"0.75 ( 0.15 )",NA,"-0.07 ( 0.18 )","-0.02 ( 0.18 )","-0.09 ( 0.18 )","-0.62 ( 0.21 )","-0.21 ( 0.17 )"
"catchment","% shredders","8",4,0,4.98997713424723,0.306302312017445,NA,NA,"0.69 ( 0.12 )",NA,NA,NA,NA,"-0.63 ( 0.2 )","-0.19 ( 0.16 )"
"catchment","% shredders","9",3,9.30050314598726,-1.0298396561377,-0.0253634949781321,NA,NA,"0.32 ( 0.09 )",NA,"-0.11 ( 0.18 )",NA,NA,NA,NA
"catchment","% shredders","10",3,9.5524585795867,-1.15581737293742,-0.0346317717365796,NA,NA,"0.29 ( 0.07 )",NA,NA,NA,"-0.06 ( 0.18 )",NA,NA
"catchment","% shredders","11",3,9.63880632582191,-1.19899124605503,-0.0378273437359451,NA,NA,"0.28 ( 0.06 )",NA,NA,"-0.02 ( 0.19 )",NA,NA,NA
"catchment","total nitrogen","null",2,1.62241635870388,1.75370537952574,0,NA,NA,"0.25 ( 0.04 )",NA,NA,NA,NA,NA,NA
"catchment","total nitrogen","1",5,4.5576364285647,4.40973170823169,0.0694068781398415,NA,"0.08 ( 0.2 )","0.16 ( 0.14 )",NA,"0.33 ( 0.18 )",NA,NA,NA,"-0.16 ( 0.17 )"
"catchment","total nitrogen","2",5,7.84933113743913,2.76388435379448,-0.0466843380922848,NA,"-0.12 ( 0.19 )","0.38 ( 0.11 )",NA,NA,NA,"-0.07 ( 0.17 )",NA,"-0.2 ( 0.18 )"
"catchment","total nitrogen","3",5,6.58578645013455,3.39565669744677,-0.000500924082610155,NA,"-0.09 ( 0.18 )","0.31 ( 0.1 )",NA,NA,"0.19 ( 0.17 )",NA,NA,"-0.18 ( 0.17 )"
"catchment","total nitrogen","4",6,9.23764835586838,3.70608938094349,-0.0211063026515328,NA,"-0.11 ( 0.19 )","0.35 ( 0.11 )",NA,NA,"0.22 ( 0.17 )","-0.12 ( 0.17 )",NA,"-0.19 ( 0.17 )"
"catchment","total nitrogen","5",6,6.59747304003479,5.02617703886028,0.0707758846293621,NA,"0.08 ( 0.2 )","0.19 ( 0.14 )",NA,"0.39 ( 0.19 )",NA,"-0.17 ( 0.17 )",NA,"-0.17 ( 0.17 )"
"catchment","total nitrogen","6",6,4.68005861167306,5.98488425304115,0.132278451388715,NA,"0.13 ( 0.2 )","0.06 ( 0.15 )",NA,"0.39 ( 0.18 )","0.26 ( 0.16 )",NA,NA,"-0.14 ( 0.16 )"
"catchment","total nitrogen","7",7,4.13020205937027,8.05981252919254,0.217797650009124,NA,"0.15 ( 0.19 )","0.07 ( 0.14 )",NA,"0.53 ( 0.19 )","0.37 ( 0.16 )","-0.31 ( 0.17 )",NA,"-0.16 ( 0.15 )"
"catchment","total nitrogen","8",4,5.03541970460015,2.67676892396891,-0.0110889625928963,NA,"-0.1 ( 0.18 )","0.35 ( 0.09 )",NA,NA,NA,NA,NA,"-0.19 ( 0.17 )"
"catchment","total nitrogen","9",3,0,3.82491355887768,0.10434780214243,NA,NA,"0.12 ( 0.08 )",NA,"0.32 ( 0.16 )",NA,NA,NA,NA
"catchment","total nitrogen","10",3,4.1296040221763,1.76011154778953,-0.0379864643520766,NA,NA,"0.26 ( 0.06 )",NA,NA,NA,"-0.02 ( 0.16 )",NA,NA
"catchment","total nitrogen","11",3,2.57791676824701,2.53595517475417,0.0179712139793048,NA,NA,"0.21 ( 0.05 )",NA,NA,"0.2 ( 0.16 )",NA,NA,NA
"catchment","specific_conductivity","null",2,5.51242811169139,2.51945256332928,0,NA,NA,"0.18 ( 0.04 )",NA,NA,NA,NA,NA,NA
"catchment","specific_conductivity","1",5,11.9000935648228,3.44925620039993,-0.0527107353590084,NA,"-0.17 ( 0.21 )","0.22 ( 0.14 )",NA,"0.06 ( 0.19 )",NA,NA,NA,"-0.06 ( 0.17 )"
"catchment","specific_conductivity","2",5,5.03570121028177,6.88145237767045,0.176167774516182,NA,"-0.12 ( 0.17 )","0.11 ( 0.1 )",NA,NA,NA,"0.38 ( 0.15 )",NA,"-0.02 ( 0.15 )"
"catchment","specific_conductivity","3",5,4.43624225665895,7.18118185448186,0.193617939242857,NA,"-0.18 ( 0.16 )","0.16 ( 0.08 )",NA,NA,"0.4 ( 0.15 )",NA,NA,"-0.05 ( 0.15 )"
"catchment","specific_conductivity","4",6,2.77227459976689,9.64952931929153,0.294570574047853,NA,"-0.12 ( 0.15 )","0.06 ( 0.09 )",NA,NA,"0.32 ( 0.14 )","0.3 ( 0.14 )",NA,"-0.02 ( 0.14 )"
"catchment","specific_conductivity","5",6,8.00841495563407,7.03145914135794,0.149510773150209,NA,"-0.17 ( 0.19 )","0.15 ( 0.13 )",NA,"-0.09 ( 0.18 )",NA,"0.4 ( 0.16 )",NA,"-0.03 ( 0.15 )"
"catchment","specific_conductivity","6",6,6.60679323139539,7.73227000347728,0.19103647769052,NA,"-0.09 ( 0.19 )","0.05 ( 0.14 )",NA,"0.16 ( 0.17 )","0.43 ( 0.15 )",NA,NA,"-0.04 ( 0.15 )"
"catchment","specific_conductivity","7",7,6.3170291396138,9.67715204936807,0.263959280485803,NA,"-0.1 ( 0.18 )","0.05 ( 0.13 )",NA,"0.04 ( 0.18 )","0.33 ( 0.15 )","0.28 ( 0.16 )",NA,"-0.02 ( 0.14 )"
"catchment","specific_conductivity","8",4,9.01284123022668,3.39881122145294,-0.0142502893742789,NA,"-0.2 ( 0.18 )","0.25 ( 0.09 )",NA,NA,NA,NA,NA,"-0.07 ( 0.17 )"
"catchment","specific_conductivity","9",3,7.16029664195763,2.95551829819616,-0.00661455567434399,NA,NA,"0.11 ( 0.08 )",NA,"0.15 ( 0.16 )",NA,NA,NA,NA
"catchment","specific_conductivity","10",3,0,6.53566661917497,0.220523005896191,NA,NA,"0.06 ( 0.05 )",NA,NA,NA,"0.41 ( 0.14 )",NA,NA
"catchment","specific_conductivity","11",3,0.408288614904745,6.3315223117226,0.209073604754358,NA,NA,"0.09 ( 0.05 )",NA,NA,"0.41 ( 0.14 )",NA,NA,NA
"catchment","embeddedness","null",2,0,-1.62764269787152,0,NA,NA,"0.57 ( 0.05 )",NA,NA,NA,NA,NA,NA
"catchment","embeddedness","1",5,3.01056124964953,0.990713040940079,0.0668995068719811,"0.33 ( 0.16 )",NA,"0.37 ( 0.15 )",NA,"0.18 ( 0.18 )",NA,NA,"0.11 ( 0.23 )",NA
"catchment","embeddedness","2",5,4.00885745922064,0.491564936154521,0.0330310930696458,"0.33 ( 0.17 )",NA,"0.45 ( 0.15 )",NA,NA,NA,"-0.05 ( 0.18 )","0.12 ( 0.23 )",NA
"catchment","embeddedness","3",5,4.05183824531006,0.470074543109816,0.0315456288272479,"0.32 ( 0.17 )",NA,"0.45 ( 0.15 )",NA,NA,"-0.04 ( 0.19 )",NA,"0.13 ( 0.23 )",NA
"catchment","embeddedness","4",6,7.25682923818745,0.503942683034755,-0.0081193359076186,"0.32 ( 0.17 )",NA,"0.46 ( 0.16 )",NA,NA,"-0.03 ( 0.2 )","-0.05 ( 0.19 )","0.12 ( 0.24 )",NA
"catchment","embeddedness","5",6,5.61937578088286,1.32266941168705,0.0491452187292293,"0.35 ( 0.17 )",NA,"0.39 ( 0.16 )",NA,"0.23 ( 0.2 )",NA,"-0.14 ( 0.19 )","0.09 ( 0.23 )",NA
"catchment","embeddedness","6",6,6.27667472036797,0.994019941944496,0.0265598809514661,"0.33 ( 0.17 )",NA,"0.38 ( 0.17 )",NA,"0.17 ( 0.19 )","-0.01 ( 0.19 )",NA,"0.11 ( 0.23 )",NA
"catchment","embeddedness","7",7,9.14889556018046,1.35790952203825,0.00842363800106927,"0.36 ( 0.17 )",NA,"0.38 ( 0.17 )",NA,"0.25 ( 0.21 )","0.05 ( 0.21 )","-0.16 ( 0.22 )","0.09 ( 0.24 )",NA
"catchment","embeddedness","8",4,1.12399100915573,0.439927014941918,0.0682796004412345,"0.32 ( 0.16 )",NA,"0.44 ( 0.14 )",NA,NA,NA,NA,"0.13 ( 0.23 )",NA
"catchment","embeddedness","9",3,1.70354011081804,-1.21941275328054,-0.00861796893979005,NA,NA,"0.5 ( 0.09 )",NA,"0.16 ( 0.19 )",NA,NA,NA,NA
"catchment","embeddedness","10",3,2.51264487212005,-1.62396513393154,-0.0381887879503799,NA,NA,"0.57 ( 0.07 )",NA,NA,NA,"-0.02 ( 0.18 )",NA,NA
"catchment","embeddedness","11",3,2.32929387188596,-1.5322896338145,-0.0314126782542348,NA,NA,"0.59 ( 0.06 )",NA,NA,"-0.08 ( 0.19 )",NA,NA,NA
"riparian","invertebrate biomass","null",2,3.32892665580579,0.271630456952036,0,NA,NA,"0.25 ( 0.05 )",NA,NA,NA,NA,NA,NA
"riparian","invertebrate biomass","1",5,2.55165804862896,4.78390112417681,0.184963198872074,NA,NA,"0.46 ( 0.13 )",NA,"-0.11 ( 0.17 )",NA,NA,"0.05 ( 0.21 )","-0.48 ( 0.17 )"
"riparian","invertebrate biomass","2",5,2.70224342882119,4.7086084340807,0.180568082798372,NA,NA,"0.4 ( 0.13 )",NA,NA,NA,"0.07 ( 0.15 )","0.04 ( 0.21 )","-0.48 ( 0.17 )"
"riparian","invertebrate biomass","3",5,2.90574597477199,4.6068571611053,0.174590799195623,NA,NA,"0.44 ( 0.13 )",NA,NA,"-0.04 ( 0.15 )",NA,"0.04 ( 0.21 )","-0.49 ( 0.17 )"
"riparian","invertebrate biomass","4",6,5.79820703229218,4.79699026870884,0.15032158508508,NA,NA,"0.41 ( 0.14 )",NA,NA,"-0.06 ( 0.15 )","0.09 ( 0.15 )","0.05 ( 0.21 )","-0.48 ( 0.17 )"
"riparian","invertebrate biomass","5",6,4.75105317771958,5.32056719599514,0.181511300343307,NA,NA,"0.43 ( 0.14 )",NA,"-0.2 ( 0.2 )",NA,"0.16 ( 0.17 )","0.07 ( 0.21 )","-0.46 ( 0.17 )"
"riparian","invertebrate biomass","6",6,5.68138564889262,4.85540096040862,0.153859221812919,NA,NA,"0.48 ( 0.14 )",NA,"-0.11 ( 0.18 )","-0.05 ( 0.15 )",NA,"0.05 ( 0.21 )","-0.49 ( 0.17 )"
"riparian","invertebrate biomass","7",7,7.71682545239022,5.63768105865982,0.163471690263143,NA,NA,"0.45 ( 0.14 )",NA,"-0.25 ( 0.21 )","-0.11 ( 0.16 )","0.21 ( 0.18 )","0.09 ( 0.21 )","-0.47 ( 0.17 )"
"riparian","invertebrate biomass","8",4,0,4.56565900224623,0.205271938243651,NA,NA,"0.43 ( 0.12 )",NA,NA,NA,NA,"0.03 ( 0.2 )","-0.48 ( 0.16 )"
"riparian","invertebrate biomass","9",3,5.34703408521689,0.522576742246485,-0.0200132254289742,NA,NA,"0.3 ( 0.08 )",NA,"-0.13 ( 0.19 )",NA,NA,NA,NA
"riparian","invertebrate biomass","10",3,5.28603926569687,0.553074152006496,-0.0177936608915561,NA,NA,"0.22 ( 0.07 )",NA,NA,NA,"0.12 ( 0.16 )",NA,NA
"riparian","invertebrate biomass","11",3,5.84888900238282,0.271649283663519,-0.038460141975637,NA,NA,"0.25 ( 0.06 )",NA,NA,"0 ( 0.16 )",NA,NA,NA
"riparian","EPT index","null",2,2.36578209896293,-2.33111815569543,0,NA,NA,"0.43 ( 0.05 )",NA,NA,NA,NA,NA,NA
"riparian","EPT index","1",5,3.39161951370366,1.27959950057057,0.130750747788029,NA,NA,"0.1 ( 0.15 )",NA,"0.4 ( 0.2 )",NA,NA,"0.22 ( 0.23 )","0.16 ( 0.19 )"
"riparian","EPT index","2",5,6.05312851654615,-0.0511550008506731,0.0440708460311852,NA,NA,"0.14 ( 0.16 )",NA,NA,NA,"0.23 ( 0.17 )","0.28 ( 0.25 )","0.19 ( 0.2 )"
"riparian","EPT index","3",5,7.63654822964853,-0.842864857401864,-0.011545367813752,NA,NA,"0.25 ( 0.15 )",NA,NA,"-0.1 ( 0.18 )",NA,"0.27 ( 0.25 )","0.16 ( 0.21 )"
"riparian","EPT index","4",6,8.37571538112737,0.423915203222354,0.0357893069431926,NA,NA,"0.16 ( 0.16 )",NA,NA,"-0.16 ( 0.18 )","0.26 ( 0.18 )","0.3 ( 0.25 )","0.18 ( 0.2 )"
"riparian","EPT index","5",6,6.51073552062469,1.3564051334737,0.0979198191540224,NA,NA,"0.09 ( 0.16 )",NA,"0.36 ( 0.23 )",NA,"0.07 ( 0.2 )","0.23 ( 0.24 )","0.16 ( 0.19 )"
"riparian","EPT index","6",6,6.52927718434264,1.34713430161472,0.0973222617753633,NA,NA,"0.12 ( 0.16 )",NA,"0.4 ( 0.2 )","-0.06 ( 0.17 )",NA,"0.23 ( 0.24 )","0.15 ( 0.19 )"
"riparian","EPT index","7",7,9.82281165282078,1.50036706737565,0.0665642107242053,NA,NA,"0.11 ( 0.16 )",NA,"0.33 ( 0.25 )","-0.09 ( 0.19 )","0.1 ( 0.21 )","0.25 ( 0.25 )","0.16 ( 0.2 )"
"riparian","EPT index","8",4,5.01172221623281,-1.02452299693906,0.0162339698980688,NA,NA,"0.22 ( 0.15 )",NA,NA,NA,NA,"0.26 ( 0.25 )","0.17 ( 0.2 )"
"riparian","EPT index","9",3,0,0.11177289378604,0.127813402352302,NA,NA,"0.27 ( 0.09 )",NA,"0.43 ( 0.19 )",NA,NA,NA,NA
"riparian","EPT index","10",3,3.65313107112977,-1.71479264177884,0.00626322672209001,NA,NA,"0.38 ( 0.07 )",NA,NA,NA,"0.19 ( 0.18 )",NA,NA
"riparian","EPT index","11",3,4.5229471435361,-2.14970067798201,-0.0250915613196687,NA,NA,"0.46 ( 0.07 )",NA,NA,"-0.1 ( 0.18 )",NA,NA,NA
"riparian","periphyton biomass","null",2,1.7925109079465,5.93529137346446,0,NA,NA,"0.2 ( 0.04 )",NA,NA,NA,NA,NA,NA
"riparian","periphyton biomass","1",5,2.42183687672383,9.74426475271216,0.142973544900143,NA,NA,"-0.03 ( 0.12 )","0.19 ( 0.13 )","-0.1 ( 0.14 )",NA,NA,NA,"0.43 ( 0.16 )"
"riparian","periphyton biomass","2",5,2.76767474079954,9.5713458206743,0.132322467031933,NA,NA,"-0.04 ( 0.12 )","0.18 ( 0.13 )",NA,NA,"-0.05 ( 0.12 )",NA,"0.41 ( 0.16 )"
"riparian","periphyton biomass","3",5,2.8904584678794,9.50995395713437,0.1285092308898,NA,NA,"-0.04 ( 0.12 )","0.17 ( 0.13 )",NA,"-0.04 ( 0.12 )",NA,NA,"0.41 ( 0.16 )"
"riparian","periphyton biomass","4",6,5.99436472758731,9.59436446364405,0.0960847866305414,NA,NA,"-0.03 ( 0.13 )","0.17 ( 0.13 )",NA,"-0.03 ( 0.13 )","-0.05 ( 0.13 )",NA,"0.41 ( 0.17 )"
"riparian","periphyton biomass","5",6,5.68417262105243,9.74946051691149,0.106043357250879,NA,NA,"-0.02 ( 0.12 )","0.19 ( 0.13 )","-0.09 ( 0.17 )",NA,"-0.01 ( 0.15 )",NA,"0.43 ( 0.17 )"
"riparian","periphyton biomass","6",6,5.53400340691076,9.82454512398233,0.110824979371582,NA,NA,"-0.01 ( 0.13 )","0.18 ( 0.13 )","-0.11 ( 0.15 )","-0.05 ( 0.13 )",NA,NA,"0.42 ( 0.16 )"
"riparian","periphyton biomass","7",7,9.1331317530733,9.82498095090105,0.0704368711893943,NA,NA,"-0.01 ( 0.13 )","0.18 ( 0.13 )","-0.11 ( 0.18 )","-0.05 ( 0.14 )","0 ( 0.16 )",NA,"0.43 ( 0.17 )"
"riparian","periphyton biomass","8",4,0,9.46111204482901,0.160445002610858,NA,NA,"-0.05 ( 0.11 )","0.18 ( 0.12 )",NA,NA,NA,NA,"0.42 ( 0.16 )"
"riparian","periphyton biomass","9",3,4.1655077560656,6.0087929494049,-0.0330237853861819,NA,NA,"0.22 ( 0.07 )",NA,"-0.06 ( 0.16 )",NA,NA,NA,NA
"riparian","periphyton biomass","10",3,3.88975466970137,6.14666949258702,-0.0229001640955127,NA,NA,"0.22 ( 0.05 )",NA,NA,NA,"-0.08 ( 0.13 )",NA,NA
"riparian","periphyton biomass","11",3,3.90982079048806,6.13663643219368,-0.0236334853391913,NA,NA,"0.22 ( 0.05 )",NA,NA,"-0.08 ( 0.13 )",NA,NA,NA
"riparian","% shredders","null",2,7.13591131831224,-1.20754374230019,0,NA,NA,"0.28 ( 0.05 )",NA,NA,NA,NA,NA,NA
"riparian","% shredders","1",5,1.10954223451957,5.9292771632325,0.324289052046506,NA,NA,"0.75 ( 0.13 )",NA,"-0.21 ( 0.17 )",NA,NA,"-0.6 ( 0.2 )","-0.18 ( 0.16 )"
"riparian","% shredders","2",5,1.7572379257512,5.60542931761669,0.308476329077916,NA,NA,"0.74 ( 0.13 )",NA,NA,NA,"-0.15 ( 0.14 )","-0.64 ( 0.2 )","-0.2 ( 0.16 )"
"riparian","% shredders","3",5,2.9434379344022,5.01232931329119,0.278551015752331,NA,NA,"0.7 ( 0.12 )",NA,NA,"-0.03 ( 0.15 )",NA,"-0.62 ( 0.2 )","-0.19 ( 0.17 )"
"riparian","% shredders","4",6,5.02856128473472,5.60613127448857,0.278446261966297,NA,NA,"0.74 ( 0.13 )",NA,NA,"0.01 ( 0.15 )","-0.15 ( 0.15 )","-0.64 ( 0.21 )","-0.2 ( 0.17 )"
"riparian","% shredders","5",6,4.14520716028909,6.04780833671138,0.300854765840868,NA,NA,"0.77 ( 0.13 )",NA,"-0.17 ( 0.2 )",NA,"-0.07 ( 0.17 )","-0.62 ( 0.2 )","-0.19 ( 0.16 )"
"riparian","% shredders","6",6,4.22061978746351,6.01010202312418,0.298969214263402,NA,NA,"0.77 ( 0.13 )",NA,"-0.22 ( 0.17 )","-0.05 ( 0.14 )",NA,"-0.6 ( 0.2 )","-0.19 ( 0.16 )"
"riparian","% shredders","7",7,7.68212280629329,6.07935051370928,0.270720365578483,NA,NA,"0.77 ( 0.14 )",NA,"-0.18 ( 0.21 )","-0.04 ( 0.16 )","-0.06 ( 0.18 )","-0.61 ( 0.21 )","-0.19 ( 0.17 )"
"riparian","% shredders","8",4,0,4.98997713424723,0.306302312017445,NA,NA,"0.69 ( 0.12 )",NA,NA,NA,NA,"-0.63 ( 0.2 )","-0.19 ( 0.16 )"
"riparian","% shredders","9",3,7.60408289737444,-0.18162953183129,0.0349151542770756,NA,NA,"0.38 ( 0.09 )",NA,"-0.28 ( 0.2 )",NA,NA,NA,NA
"riparian","% shredders","10",3,9.39846245349515,-1.07881930989165,-0.0289570595076891,NA,NA,"0.3 ( 0.07 )",NA,NA,NA,"-0.08 ( 0.17 )",NA,NA
"riparian","% shredders","11",3,9.61900370433628,-1.18908993531221,-0.0370936138676705,NA,NA,"0.29 ( 0.06 )",NA,NA,"-0.03 ( 0.17 )",NA,NA,NA
"riparian","total nitrogen","null",2,0,1.75370537952574,0,NA,NA,"0.25 ( 0.04 )",NA,NA,NA,NA,NA,NA
"riparian","total nitrogen","1",5,5.7894762263782,2.982603629973,-0.0304592629220541,NA,"-0.06 ( 0.19 )","0.3 ( 0.12 )",NA,"0.13 ( 0.2 )",NA,NA,NA,"-0.2 ( 0.18 )"
"riparian","total nitrogen","2",5,6.23922938047862,2.75772705292279,-0.0471447786507804,NA,"-0.11 ( 0.18 )","0.37 ( 0.11 )",NA,NA,NA,"-0.04 ( 0.16 )",NA,"-0.19 ( 0.18 )"
"riparian","total nitrogen","3",5,4.41786759541003,3.66840794545709,0.0188024203631957,NA,"-0.06 ( 0.17 )","0.29 ( 0.1 )",NA,NA,"0.2 ( 0.16 )",NA,NA,"-0.17 ( 0.17 )"
"riparian","total nitrogen","4",6,7.32667649675519,3.85036713114815,-0.0106372741542007,NA,"-0.07 ( 0.18 )","0.31 ( 0.11 )",NA,NA,"0.22 ( 0.16 )","-0.09 ( 0.16 )",NA,"-0.18 ( 0.17 )"
"riparian","total nitrogen","5",6,8.46594236605263,3.28073419649943,-0.0526061779495717,NA,"-0.05 ( 0.19 )","0.31 ( 0.12 )",NA,"0.21 ( 0.23 )",NA,"-0.13 ( 0.18 )",NA,"-0.22 ( 0.18 )"
"riparian","total nitrogen","6",6,6.52093942498854,4.25323566703147,0.0180306938708585,NA,"0.01 ( 0.19 )","0.2 ( 0.13 )",NA,"0.19 ( 0.2 )","0.23 ( 0.16 )",NA,NA,"-0.19 ( 0.17 )"
"riparian","total nitrogen","7",7,7.80681471504712,5.41029802200218,0.0548302860223738,NA,"0.05 ( 0.19 )","0.19 ( 0.13 )",NA,"0.37 ( 0.23 )","0.32 ( 0.17 )","-0.26 ( 0.19 )",NA,"-0.23 ( 0.17 )"
"riparian","total nitrogen","8",4,3.3386363998995,2.71395239696729,-0.00840711139307215,NA,"-0.1 ( 0.17 )","0.35 ( 0.09 )",NA,NA,NA,NA,NA,"-0.19 ( 0.17 )"
"riparian","total nitrogen","9",3,1.86346141502488,2.0819746720133,-0.0143951478075044,NA,NA,"0.2 ( 0.08 )",NA,"0.14 ( 0.18 )",NA,NA,NA,NA
"riparian","total nitrogen","10",3,2.51500441891019,1.75620317007064,-0.0382762793161195,NA,NA,"0.25 ( 0.06 )",NA,NA,NA,"-0.01 ( 0.16 )",NA,NA
"riparian","total nitrogen","11",3,0.158087303268087,2.9346617278917,0.0455439642922449,NA,NA,"0.2 ( 0.06 )",NA,NA,"0.23 ( 0.15 )",NA,NA,NA
"riparian","specific_conductivity","null",2,8.58665044563469,2.51945256332928,0,NA,NA,"0.18 ( 0.04 )",NA,NA,NA,NA,NA,NA
"riparian","specific_conductivity","1",5,14.4133957690713,3.72971626524734,-0.0318317577946656,NA,"-0.14 ( 0.18 )","0.19 ( 0.12 )",NA,"0.15 ( 0.19 )",NA,NA,NA,"-0.08 ( 0.17 )"
"riparian","specific_conductivity","2",5,4.70208263850149,8.58537283053224,0.270573728597248,NA,"-0.13 ( 0.14 )","0.1 ( 0.09 )",NA,NA,NA,"0.42 ( 0.13 )",NA,"-0.02 ( 0.14 )"
"riparian","specific_conductivity","3",5,10.2390759965518,5.81687615150706,0.111079274972694,NA,"-0.12 ( 0.16 )","0.15 ( 0.09 )",NA,NA,"0.31 ( 0.14 )",NA,NA,"-0.05 ( 0.16 )"
"riparian","specific_conductivity","4",6,4.22521331672403,10.4601711277846,0.334256976232608,NA,"-0.09 ( 0.14 )","0.04 ( 0.09 )",NA,NA,"0.23 ( 0.13 )","0.38 ( 0.13 )",NA,"-0.02 ( 0.14 )"
"riparian","specific_conductivity","5",6,7.19099356841665,8.9772810019383,0.259871019371506,NA,"-0.17 ( 0.15 )","0.13 ( 0.1 )",NA,"-0.15 ( 0.19 )",NA,"0.48 ( 0.15 )",NA,"0 ( 0.15 )"
"riparian","specific_conductivity","6",6,11.3999813459116,6.87278711319082,0.139816738589,NA,"-0.03 ( 0.17 )","0.04 ( 0.12 )",NA,"0.24 ( 0.18 )","0.35 ( 0.14 )",NA,NA,"-0.07 ( 0.16 )"
"riparian","specific_conductivity","7",7,7.77301658705587,10.4862694926187,0.305292190251789,NA,"-0.1 ( 0.16 )","0.05 ( 0.11 )",NA,"-0.04 ( 0.19 )","0.22 ( 0.14 )","0.39 ( 0.15 )",NA,"-0.01 ( 0.14 )"
"riparian","specific_conductivity","8",4,12.1371648109265,3.37376059807468,-0.0160667427221162,NA,"-0.19 ( 0.17 )","0.25 ( 0.09 )",NA,NA,NA,NA,NA,"-0.07 ( 0.17 )"
"riparian","specific_conductivity","9",3,9.80636551686182,3.16959502771571,0.00866069767523603,NA,NA,"0.1 ( 0.08 )",NA,"0.19 ( 0.17 )",NA,NA,NA,NA
"riparian","specific_conductivity","10",3,0,8.07277778614662,0.301573798965842,NA,NA,"0.05 ( 0.05 )",NA,NA,NA,"0.44 ( 0.12 )",NA,NA
"riparian","specific_conductivity","11",3,5.36320155372308,5.39117700928508,0.154124291408976,NA,NA,"0.1 ( 0.05 )",NA,NA,"0.33 ( 0.14 )",NA,NA,NA
"riparian","embeddedness","null",2,0.314512131931586,-1.62764269787152,0,NA,NA,"0.57 ( 0.05 )",NA,NA,NA,NA,NA,NA
"riparian","embeddedness","1",5,2.54747618386778,1.37951163979675,0.0924564297932191,"0.41 ( 0.18 )",NA,"0.35 ( 0.15 )",NA,"0.12 ( 0.19 )",NA,NA,"0.18 ( 0.23 )",NA
"riparian","embeddedness","2",5,2.74702730963318,1.27973607691405,0.0859654220864368,"0.43 ( 0.18 )",NA,"0.41 ( 0.15 )",NA,NA,NA,"-0.08 ( 0.17 )","0.19 ( 0.23 )",NA
"riparian","embeddedness","3",5,2.92158601121902,1.19245672612112,0.0802493124762202,"0.43 ( 0.19 )",NA,"0.38 ( 0.15 )",NA,NA,"0.04 ( 0.17 )",NA,"0.2 ( 0.23 )",NA
"riparian","embeddedness","4",6,5.85493607251157,1.36214533183849,0.0518225756593735,"0.44 ( 0.19 )",NA,"0.4 ( 0.16 )",NA,NA,"0.07 ( 0.18 )","-0.09 ( 0.18 )","0.19 ( 0.24 )",NA
"riparian","embeddedness","5",6,4.85980500139842,1.85971086739506,0.0849293770728291,"0.44 ( 0.18 )",NA,"0.37 ( 0.16 )",NA,"0.22 ( 0.23 )",NA,"-0.17 ( 0.19 )","0.15 ( 0.23 )",NA
"riparian","embeddedness","6",6,5.69759292420226,1.44081690599314,0.0571358195292572,"0.43 ( 0.19 )",NA,"0.33 ( 0.17 )",NA,"0.13 ( 0.2 )","0.06 ( 0.17 )",NA,"0.18 ( 0.24 )",NA
"riparian","embeddedness","7",7,7.79827075075824,2.19047799271515,0.0656727186408097,"0.48 ( 0.19 )",NA,"0.34 ( 0.17 )",NA,"0.28 ( 0.24 )","0.14 ( 0.19 )","-0.23 ( 0.21 )","0.14 ( 0.24 )",NA
"riparian","embeddedness","8",4,0,1.15917858548558,0.114938037199096,"0.42 ( 0.18 )",NA,"0.39 ( 0.14 )",NA,NA,NA,NA,"0.2 ( 0.23 )",NA
"riparian","embeddedness","9",3,2.37553166486528,-1.39815246433837,-0.0215776708351056,NA,NA,"0.52 ( 0.09 )",NA,"0.13 ( 0.21 )",NA,NA,NA,NA
"riparian","embeddedness","10",3,2.79485854064383,-1.60781590222764,-0.036991910442886,NA,NA,"0.58 ( 0.07 )",NA,NA,NA,"-0.03 ( 0.17 )",NA,NA
"riparian","embeddedness","11",3,2.77661183516476,-1.59869254948811,-0.0363163560863169,NA,NA,"0.58 ( 0.07 )",NA,NA,"-0.04 ( 0.18 )",NA,NA,NA
"local","invertebrate biomass","null",2,11.7363192058958,0.271630456952036,0,NA,NA,"0.25 ( 0.05 )",NA,NA,NA,NA,NA,NA
"local","invertebrate biomass","1",5,10.9489316057463,4.78896062066314,0.185257693928383,NA,NA,"0.47 ( 0.13 )",NA,"-0.1 ( 0.16 )",NA,NA,"0.04 ( 0.21 )","-0.47 ( 0.17 )"
"local","invertebrate biomass","2",5,3.18522172064327,8.67081556321467,0.382550970772518,NA,NA,"0.29 ( 0.12 )",NA,NA,NA,"0.47 ( 0.16 )","0.03 ( 0.18 )","-0.35 ( 0.15 )"
"local","invertebrate biomass","3",5,10.3546703154525,5.08609126581007,0.20236726724782,NA,NA,"0.47 ( 0.13 )",NA,NA,"-0.11 ( 0.12 )",NA,"0.08 ( 0.21 )","-0.53 ( 0.17 )"
"local","invertebrate biomass","4",6,0,11.8997900598999,0.488414308959955,NA,NA,"0.34 ( 0.11 )",NA,NA,"-0.25 ( 0.1 )","0.61 ( 0.16 )","0.14 ( 0.17 )","-0.4 ( 0.14 )"
"local","invertebrate biomass","5",6,4.64507522948229,9.5772524451588,0.396098778386636,NA,NA,"0.34 ( 0.12 )",NA,"-0.18 ( 0.14 )",NA,"0.51 ( 0.17 )","0.05 ( 0.18 )","-0.31 ( 0.15 )"
"local","invertebrate biomass","6",6,13.5439266998399,5.12782670998001,0.170165097688828,NA,NA,"0.48 ( 0.14 )",NA,"-0.05 ( 0.18 )","-0.1 ( 0.13 )",NA,"0.08 ( 0.21 )","-0.51 ( 0.18 )"
"local","invertebrate biomass","7",7,3.32041927965701,12.0395804200714,0.470474227507419,NA,NA,"0.36 ( 0.11 )",NA,"-0.07 ( 0.14 )","-0.23 ( 0.11 )","0.61 ( 0.16 )","0.13 ( 0.17 )","-0.38 ( 0.15 )"
"local","invertebrate biomass","8",4,8.40739255009003,4.56565900224623,0.205271938243651,NA,NA,"0.43 ( 0.12 )",NA,NA,NA,NA,"0.03 ( 0.2 )","-0.48 ( 0.16 )"
"local","invertebrate biomass","9",3,13.3518537968792,0.723863161460345,-0.0054528046630502,NA,NA,"0.33 ( 0.09 )",NA,"-0.16 ( 0.18 )",NA,NA,NA,NA
"local","invertebrate biomass","10",3,3.01069079197533,5.89444466391228,0.305031847514113,NA,NA,"0.14 ( 0.05 )",NA,NA,NA,"0.59 ( 0.17 )",NA,NA
"local","invertebrate biomass","11",3,14.198177963755,0.300701078022439,-0.036307438423544,NA,NA,"0.26 ( 0.07 )",NA,NA,"-0.03 ( 0.13 )",NA,NA,NA
"local","EPT index","null",2,3.34779241674131,-2.33111815569543,0,NA,NA,"0.43 ( 0.05 )",NA,NA,NA,NA,NA,NA
"local","EPT index","1",5,3.80611523103112,1.56335680079603,0.148191674003688,NA,NA,"0.08 ( 0.15 )",NA,"0.4 ( 0.18 )",NA,NA,"0.22 ( 0.23 )","0.12 ( 0.19 )"
"local","EPT index","2",5,8.27816133520934,-0.672666251293079,0.000677584993607483,NA,NA,"0.17 ( 0.16 )",NA,NA,NA,"0.18 ( 0.23 )","0.26 ( 0.25 )","0.22 ( 0.21 )"
"local","EPT index","3",5,8.01083000461164,-0.53900058599423,0.0101732608996038,NA,NA,"0.18 ( 0.15 )",NA,NA,"0.13 ( 0.14 )",NA,"0.21 ( 0.26 )","0.22 ( 0.21 )"
"local","EPT index","4",6,10.9964086400491,-0.39542626734933,-0.0223244874287265,NA,NA,"0.15 ( 0.17 )",NA,NA,"0.11 ( 0.16 )","0.12 ( 0.25 )","0.22 ( 0.26 )","0.24 ( 0.22 )"
"local","EPT index","5",6,6.8178823484113,1.69383687846958,0.119402071537717,NA,NA,"0.06 ( 0.16 )",NA,"0.39 ( 0.19 )",NA,"0.1 ( 0.22 )","0.22 ( 0.24 )","0.15 ( 0.2 )"
"local","EPT index","6",6,7.06345968291997,1.57104821121524,0.111644713848399,NA,NA,"0.08 ( 0.15 )",NA,"0.39 ( 0.2 )","0.02 ( 0.15 )",NA,"0.21 ( 0.24 )","0.13 ( 0.2 )"
"local","EPT index","7",7,10.4165736390474,1.69449123315153,0.0794179216334641,NA,NA,"0.06 ( 0.16 )",NA,"0.39 ( 0.21 )","-0.01 ( 0.16 )","0.1 ( 0.24 )","0.22 ( 0.25 )","0.15 ( 0.21 )"
"local","EPT index","8",4,5.99373253401118,-1.02452299693906,0.0162339698980688,NA,NA,"0.22 ( 0.15 )",NA,NA,NA,NA,"0.26 ( 0.25 )","0.17 ( 0.2 )"
"local","EPT index","9",3,0,0.602778052675226,0.157872361786211,NA,NA,"0.23 ( 0.09 )",NA,"0.44 ( 0.18 )",NA,NA,NA,NA
"local","EPT index","10",3,5.71872266854412,-2.25658328159683,-0.0329475438016014,NA,NA,"0.42 ( 0.06 )",NA,NA,NA,"0.08 ( 0.22 )",NA,NA
"local","EPT index","11",3,5.0367261486201,-1.91558502163482,-0.0080919541419493,NA,NA,"0.38 ( 0.08 )",NA,NA,"0.12 ( 0.14 )",NA,NA,NA
"local","periphyton biomass","null",2,1.7925109079465,5.93529137346446,0,NA,NA,"0.2 ( 0.04 )",NA,NA,NA,NA,NA,NA
"local","periphyton biomass","1",5,2.63327380777187,9.63854628718813,0.13647736829352,NA,NA,"-0.01 ( 0.14 )","0.16 ( 0.13 )","-0.08 ( 0.14 )",NA,NA,NA,"0.42 ( 0.16 )"
"local","periphyton biomass","2",5,2.97913187963767,9.46561725125524,0.125744925342465,NA,NA,"-0.05 ( 0.12 )","0.18 ( 0.13 )",NA,NA,"-0.01 ( 0.16 )",NA,"0.42 ( 0.16 )"
"local","periphyton biomass","3",5,2.9461146419153,9.48212587011642,0.126775228035776,NA,NA,"-0.04 ( 0.13 )","0.18 ( 0.13 )",NA,"-0.02 ( 0.1 )",NA,NA,"0.41 ( 0.16 )"
"local","periphyton biomass","4",6,6.2183355728373,9.48237904101905,0.0888254111010439,NA,NA,"-0.04 ( 0.13 )","0.18 ( 0.13 )",NA,"-0.02 ( 0.11 )","0 ( 0.18 )",NA,"0.41 ( 0.17 )"
"local","periphyton biomass","5",6,5.9043086887322,9.6393924830716,0.0989873672041984,NA,NA,"-0.01 ( 0.14 )","0.16 ( 0.14 )","-0.08 ( 0.15 )",NA,"0.01 ( 0.17 )",NA,"0.42 ( 0.17 )"
"local","periphyton biomass","6",6,5.90454745570799,9.63927309958371,0.0989796838835296,NA,NA,"-0.01 ( 0.14 )","0.16 ( 0.13 )","-0.08 ( 0.16 )","0 ( 0.11 )",NA,NA,"0.42 ( 0.17 )"
"local","periphyton biomass","7",7,9.50358208711521,9.6397557838801,0.0580566913320764,NA,NA,"-0.01 ( 0.15 )","0.16 ( 0.14 )","-0.08 ( 0.16 )","0 ( 0.12 )","0.01 ( 0.18 )",NA,"0.42 ( 0.17 )"
"local","periphyton biomass","8",4,0,9.46111204482901,0.160445002610858,NA,NA,"-0.05 ( 0.11 )","0.18 ( 0.12 )",NA,NA,NA,NA,"0.42 ( 0.16 )"
"local","periphyton biomass","9",3,4.03578305569343,6.07365529959099,-0.0282488301338895,NA,NA,"0.23 ( 0.08 )",NA,"-0.07 ( 0.15 )",NA,NA,NA,NA
"local","periphyton biomass","10",3,4.02539270023682,6.0788504773193,-0.0278673341060076,NA,NA,"0.21 ( 0.05 )",NA,NA,NA,"-0.09 ( 0.16 )",NA,NA
"local","periphyton biomass","11",3,3.82001413601743,6.18153975942899,-0.0203555628244443,NA,NA,"0.23 ( 0.06 )",NA,NA,"-0.07 ( 0.1 )",NA,NA,NA
"local","% shredders","null",2,12.5113136863412,-1.20754374230019,0,NA,NA,"0.28 ( 0.05 )",NA,NA,NA,NA,NA,NA
"local","% shredders","1",5,6.49101216919889,5.92624337990731,0.324142610422606,NA,NA,"0.76 ( 0.13 )",NA,"-0.2 ( 0.16 )",NA,NA,"-0.61 ( 0.2 )","-0.16 ( 0.16 )"
"local","% shredders","2",5,8.16693326102364,5.08828283399493,0.282454459764047,NA,NA,"0.67 ( 0.13 )",NA,NA,NA,"0.08 ( 0.19 )","-0.63 ( 0.2 )","-0.16 ( 0.17 )"
"local","% shredders","3",5,0,9.17174946450675,0.463986027709059,NA,NA,"0.79 ( 0.11 )",NA,NA,"-0.29 ( 0.1 )",NA,"-0.5 ( 0.18 )","-0.3 ( 0.15 )"
"local","% shredders","4",6,0.172171750002963,10.7220272258689,0.49931071601226,NA,NA,"0.73 ( 0.11 )",NA,NA,"-0.35 ( 0.1 )","0.27 ( 0.17 )","-0.48 ( 0.18 )","-0.24 ( 0.15 )"
"local","% shredders","5",6,9.25641582225227,6.17990518974426,0.307420519098918,NA,NA,"0.73 ( 0.14 )",NA,"-0.22 ( 0.16 )",NA,"0.12 ( 0.19 )","-0.61 ( 0.2 )","-0.12 ( 0.17 )"
"local","% shredders","6",6,3.15916705900644,9.22852957136717,0.442944920553798,NA,NA,"0.81 ( 0.12 )",NA,"-0.05 ( 0.15 )","-0.28 ( 0.11 )",NA,"-0.5 ( 0.19 )","-0.29 ( 0.16 )"
"local","% shredders","7",7,3.59117139130871,10.812527405216,0.479924922432456,NA,NA,"0.75 ( 0.12 )",NA,"-0.06 ( 0.15 )","-0.34 ( 0.12 )","0.28 ( 0.17 )","-0.48 ( 0.18 )","-0.23 ( 0.15 )"
"local","% shredders","8",4,5.37540236802893,4.98997713424723,0.306302312017445,NA,NA,"0.69 ( 0.12 )",NA,NA,NA,NA,"-0.63 ( 0.2 )","-0.19 ( 0.16 )"
"local","% shredders","9",3,12.5941580320639,0.0110340848384394,0.0481053817030941,NA,NA,"0.41 ( 0.1 )",NA,"-0.28 ( 0.18 )",NA,NA,NA,NA
"local","% shredders","10",3,14.2616146207854,-0.822694209522315,-0.0103037979168166,NA,NA,"0.25 ( 0.06 )",NA,NA,NA,"0.18 ( 0.21 )",NA,NA
"local","% shredders","11",3,8.99287005491117,1.81167807341481,0.162989256740585,NA,NA,"0.41 ( 0.07 )",NA,NA,"-0.3 ( 0.12 )",NA,NA,NA
"local","total nitrogen","null",2,0,1.75370537952574,0,NA,NA,"0.25 ( 0.04 )",NA,NA,NA,NA,NA,NA
"local","total nitrogen","1",5,6.03225138522621,2.861216050549,-0.0394327488824449,NA,"-0.12 ( 0.18 )","0.38 ( 0.11 )",NA,"-0.06 ( 0.17 )",NA,NA,NA,"-0.2 ( 0.17 )"
"local","total nitrogen","2",5,4.29330937070074,3.73068705781173,0.0231575914816911,NA,"-0.22 ( 0.19 )","0.46 ( 0.12 )",NA,NA,NA,"-0.27 ( 0.21 )",NA,"-0.29 ( 0.18 )"
"local","total nitrogen","3",5,6.10170942966442,2.8264870283299,-0.0420144127272624,NA,"-0.12 ( 0.18 )","0.34 ( 0.12 )",NA,NA,"0.03 ( 0.12 )",NA,NA,"-0.2 ( 0.18 )"
"local","total nitrogen","4",6,7.02564121190256,4.00088477357446,0.000170149308407419,NA,"-0.22 ( 0.19 )","0.42 ( 0.13 )",NA,NA,"0.09 ( 0.13 )","-0.32 ( 0.23 )",NA,"-0.27 ( 0.18 )"
"local","total nitrogen","5",6,7.56404541602698,3.73168267151225,-0.0192413313902255,NA,"-0.22 ( 0.2 )","0.46 ( 0.13 )",NA,"-0.01 ( 0.18 )",NA,"-0.27 ( 0.22 )",NA,"-0.28 ( 0.19 )"
"local","total nitrogen","6",6,9.11052229908798,2.95844422998175,-0.0771189901599281,NA,"-0.11 ( 0.19 )","0.36 ( 0.12 )",NA,"-0.09 ( 0.2 )","0.06 ( 0.14 )",NA,NA,"-0.17 ( 0.19 )"
"local","total nitrogen","7",7,10.4979227062367,4.06474402640741,-0.0405196206140996,NA,"-0.21 ( 0.2 )","0.43 ( 0.13 )",NA,"-0.06 ( 0.19 )","0.1 ( 0.14 )","-0.31 ( 0.23 )",NA,"-0.26 ( 0.19 )"
"local","total nitrogen","8",4,3.17257842858218,2.79698138262596,-0.00244430909338744,NA,"-0.13 ( 0.18 )","0.36 ( 0.09 )",NA,NA,NA,NA,NA,"-0.2 ( 0.17 )"
"local","total nitrogen","9",3,2.15995802739844,1.93372636582652,-0.0251938186741061,NA,NA,"0.3 ( 0.09 )",NA,"-0.1 ( 0.17 )",NA,NA,NA,NA
"local","total nitrogen","10",3,2.28615651770476,1.87062712067336,-0.0298248868736719,NA,NA,"0.27 ( 0.06 )",NA,NA,NA,"-0.09 ( 0.19 )",NA,NA
"local","total nitrogen","11",3,2.19976393088327,1.91382341408411,-0.0266523110893053,NA,NA,"0.22 ( 0.07 )",NA,NA,"0.07 ( 0.12 )",NA,NA,NA
"local","specific_conductivity","null",2,0,2.51945256332928,0,NA,NA,"0.18 ( 0.04 )",NA,NA,NA,NA,NA,NA
"local","specific_conductivity","1",5,6.03553003194696,3.62532391099216,-0.0395544678933908,NA,"-0.18 ( 0.18 )","0.19 ( 0.11 )",NA,"0.15 ( 0.17 )",NA,NA,NA,"-0.12 ( 0.17 )"
"local","specific_conductivity","2",5,5.50490739227157,3.89063523082986,-0.0200395658054391,NA,"-0.09 ( 0.19 )","0.16 ( 0.12 )",NA,NA,NA,"0.24 ( 0.21 )",NA,"-0.03 ( 0.18 )"
"local","specific_conductivity","3",5,5.47349179478417,3.90634302957356,-0.0188957378753727,NA,"-0.14 ( 0.18 )","0.17 ( 0.11 )",NA,NA,"0.14 ( 0.12 )",NA,NA,"-0.06 ( 0.17 )"
"local","specific_conductivity","4",6,7.98968438466518,4.28461037099669,-0.0348535814662168,NA,"-0.09 ( 0.19 )","0.12 ( 0.13 )",NA,NA,"0.1 ( 0.13 )","0.18 ( 0.22 )",NA,"-0.02 ( 0.18 )"
"local","specific_conductivity","5",6,8.28984606194327,4.13452953235764,-0.046006949424878,NA,"-0.11 ( 0.19 )","0.13 ( 0.13 )",NA,"0.11 ( 0.18 )",NA,"0.2 ( 0.22 )",NA,"-0.06 ( 0.18 )"
"local","specific_conductivity","6",6,8.51225349780447,4.02332581442704,-0.0543485964836767,NA,"-0.15 ( 0.18 )","0.15 ( 0.12 )",NA,"0.08 ( 0.19 )","0.11 ( 0.14 )",NA,NA,"-0.08 ( 0.18 )"
"local","specific_conductivity","7",7,11.4362098651571,4.36134763075072,-0.0759784990654535,NA,"-0.1 ( 0.2 )","0.11 ( 0.13 )",NA,"0.07 ( 0.19 )","0.08 ( 0.14 )","0.17 ( 0.23 )",NA,"-0.03 ( 0.19 )"
"local","specific_conductivity","8",4,3.93686424355245,3.18058565894436,-0.0301838161413412,NA,"-0.16 ( 0.18 )","0.25 ( 0.09 )",NA,NA,NA,NA,NA,"-0.1 ( 0.17 )"
"local","specific_conductivity","9",3,2.02282702647015,2.7680390500942,-0.0201851703276474,NA,NA,"0.12 ( 0.09 )",NA,"0.11 ( 0.17 )",NA,NA,NA,NA
"local","specific_conductivity","10",3,0.0266568242808924,3.76612415118883,0.050013630683661,NA,NA,"0.13 ( 0.05 )",NA,NA,NA,"0.28 ( 0.18 )",NA,NA
"local","specific_conductivity","11",3,0.576851702130917,3.49102671226382,0.0311619629729377,NA,NA,"0.11 ( 0.06 )",NA,NA,"0.16 ( 0.11 )",NA,NA,NA
"local","embeddedness","null",2,1.147368094691,-1.62764269787152,0,NA,NA,"0.57 ( 0.05 )",NA,NA,NA,NA,NA,NA
"local","embeddedness","1",5,2.71864560259423,1.71035491181323,0.113651766062174,"-0.52 ( 0.21 )",NA,"0.56 ( 0.14 )",NA,"-0.09 ( 0.18 )",NA,NA,"0.15 ( 0.22 )",NA
"local","embeddedness","2",5,1.3029470172097,2.41820420450549,0.157352054158272,"-0.52 ( 0.21 )",NA,"0.47 ( 0.13 )",NA,NA,NA,"0.24 ( 0.2 )","0.16 ( 0.22 )",NA
"local","embeddedness","3",5,2.87548436296811,1.63193553162629,0.108673058170431,"-0.51 ( 0.22 )",NA,"0.54 ( 0.13 )",NA,NA,"-0.04 ( 0.13 )",NA,"0.15 ( 0.23 )",NA
"local","embeddedness","4",6,3.60413647641647,2.90397311126574,0.15070118497519,"-0.48 ( 0.21 )",NA,"0.49 ( 0.13 )",NA,NA,"-0.13 ( 0.14 )","0.32 ( 0.22 )","0.2 ( 0.22 )",NA
"local","embeddedness","5",6,4.07476057715726,2.66866106089535,0.136305525192873,"-0.52 ( 0.21 )",NA,"0.51 ( 0.15 )",NA,"-0.12 ( 0.18 )",NA,"0.25 ( 0.2 )","0.18 ( 0.22 )",NA
"local","embeddedness","6",6,5.96607212811495,1.7230052854165,0.0759502333047948,"-0.52 ( 0.22 )",NA,"0.56 ( 0.15 )",NA,"-0.08 ( 0.2 )","-0.02 ( 0.14 )",NA,"0.15 ( 0.23 )",NA
"local","embeddedness","7",7,7.04430424940901,2.98388922476947,0.117150667833534,"-0.48 ( 0.22 )",NA,"0.51 ( 0.15 )",NA,"-0.07 ( 0.19 )","-0.11 ( 0.15 )","0.32 ( 0.22 )","0.2 ( 0.23 )",NA
"local","embeddedness","8",4,0,1.57560656686528,0.140876398854774,"-0.52 ( 0.21 )",NA,"0.53 ( 0.12 )",NA,NA,NA,NA,"0.14 ( 0.22 )",NA
"local","embeddedness","9",3,3.4958091168061,-1.54186320892907,-0.0321182270882958,NA,NA,"0.6 ( 0.1 )",NA,"-0.08 ( 0.19 )",NA,NA,NA,NA
"local","embeddedness","10",3,2.37850272407827,-0.983210012565157,0.00825630604490557,NA,NA,"0.53 ( 0.06 )",NA,NA,NA,"0.23 ( 0.21 )",NA,NA
"local","embeddedness","11",3,3.14491559873308,-1.36641644989256,-0.0192645219216816,NA,NA,"0.61 ( 0.08 )",NA,NA,"-0.09 ( 0.14 )",NA,NA,NA
