spatial_extent,model,model_number,predictor,estimate,log_likelihood,delta_aic,aic,adjusted_r2
catchment,invertebrate biomass,null,intercept,0.25 (0.05),0.271630457,1.11582172,3.936739086,0
catchment,invertebrate biomass,1,intercept,0.43 (0.14),4.568694788,0.768965784,3.58988315,0.17233776
catchment,invertebrate biomass,1,forest disturbance,0.01 (0.16),4.568694788,0.768965784,3.58988315,0.17233776
catchment,invertebrate biomass,1,wetted width,-0.48 (0.17),4.568694788,0.768965784,3.58988315,0.17233776
catchment,invertebrate biomass,1,substrate size,0.03 (0.21),4.568694788,0.768965784,3.58988315,0.17233776
catchment,invertebrate biomass,2,intercept,0.38 (0.13),4.953177681,0,2.820917366,0.194758619
catchment,invertebrate biomass,2,road density,0.13 (0.15),4.953177681,0,2.820917366,0.194758619
catchment,invertebrate biomass,2,wetted width,-0.47 (0.17),4.953177681,0,2.820917366,0.194758619
catchment,invertebrate biomass,2,substrate size,0.04 (0.2),4.953177681,0,2.820917366,0.194758619
catchment,invertebrate biomass,3,intercept,0.44 (0.13),4.590861971,0.72463142,3.545548786,0.173647219
catchment,invertebrate biomass,3,human impact,-0.03 (0.16),4.590861971,0.72463142,3.545548786,0.173647219
catchment,invertebrate biomass,3,wetted width,-0.49 (0.17),4.590861971,0.72463142,3.545548786,0.173647219
catchment,invertebrate biomass,3,substrate size,0.03 (0.21),4.590861971,0.72463142,3.545548786,0.173647219
catchment,invertebrate biomass,4,intercept,0.39 (0.14),5.074296658,3.030489319,5.851406685,0.166986088
catchment,invertebrate biomass,4,road density,0.15 (0.16),5.074296658,3.030489319,5.851406685,0.166986088
catchment,invertebrate biomass,4,human impact,-0.07 (0.17),5.074296658,3.030489319,5.851406685,0.166986088
catchment,invertebrate biomass,4,wetted width,-0.47 (0.17),5.074296658,3.030489319,5.851406685,0.166986088
catchment,invertebrate biomass,4,substrate size,0.04 (0.21),5.074296658,3.030489319,5.851406685,0.166986088
catchment,invertebrate biomass,5,intercept,0.4 (0.14),4.989106731,3.200869171,6.021786537,0.161901749
catchment,invertebrate biomass,5,forest disturbance,-0.04 (0.17),4.989106731,3.200869171,6.021786537,0.161901749
catchment,invertebrate biomass,5,road density,0.14 (0.17),4.989106731,3.200869171,6.021786537,0.161901749
catchment,invertebrate biomass,5,wetted width,-0.47 (0.17),4.989106731,3.200869171,6.021786537,0.161901749
catchment,invertebrate biomass,5,substrate size,0.05 (0.21),4.989106731,3.200869171,6.021786537,0.161901749
catchment,invertebrate biomass,6,intercept,0.43 (0.15),4.591709498,3.995663639,6.816581005,0.137771036
catchment,invertebrate biomass,6,forest disturbance,0.01 (0.17),4.591709498,3.995663639,6.816581005,0.137771036
catchment,invertebrate biomass,6,human impact,-0.03 (0.17),4.591709498,3.995663639,6.816581005,0.137771036
catchment,invertebrate biomass,6,wetted width,-0.48 (0.18),4.591709498,3.995663639,6.816581005,0.137771036
catchment,invertebrate biomass,6,substrate size,0.03 (0.21),4.591709498,3.995663639,6.816581005,0.137771036
catchment,invertebrate biomass,7,intercept,0.42 (0.15),5.170368327,6.438345981,9.259263347,0.135077555
catchment,invertebrate biomass,7,forest disturbance,-0.07 (0.19),5.170368327,6.438345981,9.259263347,0.135077555
catchment,invertebrate biomass,7,road density,0.18 (0.18),5.170368327,6.438345981,9.259263347,0.135077555
catchment,invertebrate biomass,7,human impact,-0.1 (0.18),5.170368327,6.438345981,9.259263347,0.135077555
catchment,invertebrate biomass,7,wetted width,-0.48 (0.18),5.170368327,6.438345981,9.259263347,0.135077555
catchment,invertebrate biomass,7,substrate size,0.06 (0.22),5.170368327,6.438345981,9.259263347,0.135077555
catchment,invertebrate biomass,8,intercept,0.35 (0.16),4.95644781,3.266187013,6.087104379,0.159944368
catchment,invertebrate biomass,8,wetted width,-0.39 (0.2),4.95644781,3.266187013,6.087104379,0.159944368
catchment,invertebrate biomass,8,substrate size,0 (0.22),4.95644781,3.266187013,6.087104379,0.159944368
catchment,invertebrate biomass,8,canopy,0.11 (0.15),4.95644781,3.266187013,6.087104379,0.159944368
catchment,invertebrate biomass,8,flow,0.04 (0.18),4.95644781,3.266187013,6.087104379,0.159944368
catchment,EPT index,null,intercept,0.43 (0.05),-2.331118156,0,9.142236311,0
catchment,EPT index,1,intercept,0.13 (0.16),-0.2598454,4.104727217,13.24696353,0.029714595
catchment,EPT index,1,forest disturbance,0.22 (0.19),-0.2598454,4.104727217,13.24696353,0.029714595
catchment,EPT index,1,wetted width,0.21 (0.2),-0.2598454,4.104727217,13.24696353,0.029714595
catchment,EPT index,1,substrate size,0.23 (0.25),-0.2598454,4.104727217,13.24696353,0.029714595
catchment,EPT index,2,intercept,0.15 (0.16),-0.422263429,4.429563274,13.57179959,0.018392486
catchment,EPT index,2,road density,0.19 (0.19),-0.422263429,4.429563274,13.57179959,0.018392486
catchment,EPT index,2,wetted width,0.2 (0.2),-0.422263429,4.429563274,13.57179959,0.018392486
catchment,EPT index,2,substrate size,0.27 (0.25),-0.422263429,4.429563274,13.57179959,0.018392486
catchment,EPT index,3,intercept,0.24 (0.15),-0.893779864,5.372596144,14.51483246,-0.01523084
catchment,EPT index,3,human impact,-0.09 (0.19),-0.893779864,5.372596144,14.51483246,-0.01523084
catchment,EPT index,3,wetted width,0.16 (0.2),-0.893779864,5.372596144,14.51483246,-0.01523084
catchment,EPT index,3,substrate size,0.26 (0.25),-0.893779864,5.372596144,14.51483246,-0.01523084
catchment,EPT index,4,intercept,0.17 (0.16),-0.046908879,6.951581447,16.09381776,0.002811197
catchment,EPT index,4,road density,0.23 (0.2),-0.046908879,6.951581447,16.09381776,0.002811197
catchment,EPT index,4,human impact,-0.16 (0.2),-0.046908879,6.951581447,16.09381776,0.002811197
catchment,EPT index,4,wetted width,0.19 (0.2),-0.046908879,6.951581447,16.09381776,0.002811197
catchment,EPT index,4,substrate size,0.28 (0.25),-0.046908879,6.951581447,16.09381776,0.002811197
catchment,EPT index,5,intercept,0.11 (0.17),-0.011312102,6.880387893,16.0226242,0.005343455
catchment,EPT index,5,forest disturbance,0.17 (0.21),-0.011312102,6.880387893,16.0226242,0.005343455
catchment,EPT index,5,road density,0.13 (0.2),-0.011312102,6.880387893,16.0226242,0.005343455
catchment,EPT index,5,wetted width,0.22 (0.21),-0.011312102,6.880387893,16.0226242,0.005343455
catchment,EPT index,5,substrate size,0.24 (0.25),-0.011312102,6.880387893,16.0226242,0.005343455
catchment,EPT index,6,intercept,0.15 (0.18),-0.208535334,7.274834358,16.41707067,-0.008767805
catchment,EPT index,6,forest disturbance,0.21 (0.2),-0.208535334,7.274834358,16.41707067,-0.008767805
catchment,EPT index,6,human impact,-0.06 (0.2),-0.208535334,7.274834358,16.41707067,-0.008767805
catchment,EPT index,6,wetted width,0.21 (0.21),-0.208535334,7.274834358,16.41707067,-0.008767805
catchment,EPT index,6,substrate size,0.23 (0.25),-0.208535334,7.274834358,16.41707067,-0.008767805
catchment,EPT index,7,intercept,0.13 (0.18),0.187189844,10.083384,19.22562031,-0.025228249
catchment,EPT index,7,forest disturbance,0.13 (0.22),0.187189844,10.083384,19.22562031,-0.025228249
catchment,EPT index,7,road density,0.17 (0.22),0.187189844,10.083384,19.22562031,-0.025228249
catchment,EPT index,7,human impact,-0.12 (0.21),0.187189844,10.083384,19.22562031,-0.025228249
catchment,EPT index,7,wetted width,0.21 (0.21),0.187189844,10.083384,19.22562031,-0.025228249
catchment,EPT index,7,substrate size,0.25 (0.26),0.187189844,10.083384,19.22562031,-0.025228249
catchment,EPT index,8,intercept,0.19 (0.2),-0.778069629,8.413902946,17.55613926,-0.050651673
catchment,EPT index,8,wetted width,0.21 (0.25),-0.778069629,8.413902946,17.55613926,-0.050651673
catchment,EPT index,8,substrate size,0.27 (0.27),-0.778069629,8.413902946,17.55613926,-0.050651673
catchment,EPT index,8,canopy,0.1 (0.19),-0.778069629,8.413902946,17.55613926,-0.050651673
catchment,EPT index,8,flow,-0.1 (0.22),-0.778069629,8.413902946,17.55613926,-0.050651673
catchment,periphyton biomass,null,intercept,0.2 (0.04),5.935291373,0,-7.390582747,0
catchment,periphyton biomass,1,intercept,-0.01 (0.12),9.956064712,0.20572605,-7.184856697,0.155841546
catchment,periphyton biomass,1,forest disturbance,-0.12 (0.13),9.956064712,0.20572605,-7.184856697,0.155841546
catchment,periphyton biomass,1,wetted width,0.41 (0.16),9.956064712,0.20572605,-7.184856697,0.155841546
catchment,periphyton biomass,1,canopy,0.2 (0.13),9.956064712,0.20572605,-7.184856697,0.155841546
catchment,periphyton biomass,2,intercept,-0.03 (0.12),9.57057132,0.976712834,-6.413869913,0.132274465
catchment,periphyton biomass,2,road density,-0.06 (0.13),9.57057132,0.976712834,-6.413869913,0.132274465
catchment,periphyton biomass,2,wetted width,0.41 (0.16),9.57057132,0.976712834,-6.413869913,0.132274465
catchment,periphyton biomass,2,canopy,0.18 (0.13),9.57057132,0.976712834,-6.413869913,0.132274465
catchment,periphyton biomass,3,intercept,-0.05 (0.12),9.482334699,1.153186076,-6.237396671,0.126788253
catchment,periphyton biomass,3,human impact,-0.03 (0.14),9.482334699,1.153186076,-6.237396671,0.126788253
catchment,periphyton biomass,3,wetted width,0.42 (0.16),9.482334699,1.153186076,-6.237396671,0.126788253
catchment,periphyton biomass,3,canopy,0.17 (0.13),9.482334699,1.153186076,-6.237396671,0.126788253
catchment,periphyton biomass,4,intercept,-0.03 (0.13),9.573943415,4.242695916,-3.147886831,0.094765332
catchment,periphyton biomass,4,road density,-0.05 (0.14),9.573943415,4.242695916,-3.147886831,0.094765332
catchment,periphyton biomass,4,human impact,-0.01 (0.14),9.573943415,4.242695916,-3.147886831,0.094765332
catchment,periphyton biomass,4,wetted width,0.41 (0.17),9.573943415,4.242695916,-3.147886831,0.094765332
catchment,periphyton biomass,4,canopy,0.17 (0.13),9.573943415,4.242695916,-3.147886831,0.094765332
catchment,periphyton biomass,5,intercept,-0.01 (0.13),9.961847353,3.466888042,-3.923694705,0.119502765
catchment,periphyton biomass,5,forest disturbance,-0.12 (0.15),9.961847353,3.466888042,-3.923694705,0.119502765
catchment,periphyton biomass,5,road density,-0.01 (0.14),9.961847353,3.466888042,-3.923694705,0.119502765
catchment,periphyton biomass,5,wetted width,0.41 (0.16),9.961847353,3.466888042,-3.923694705,0.119502765
catchment,periphyton biomass,5,canopy,0.2 (0.13),9.961847353,3.466888042,-3.923694705,0.119502765
catchment,periphyton biomass,6,intercept,0.01 (0.13),10.01997194,3.350638863,-4.039943884,0.123150797
catchment,periphyton biomass,6,forest disturbance,-0.13 (0.14),10.01997194,3.350638863,-4.039943884,0.123150797
catchment,periphyton biomass,6,human impact,-0.04 (0.14),10.01997194,3.350638863,-4.039943884,0.123150797
catchment,periphyton biomass,6,wetted width,0.41 (0.16),10.01997194,3.350638863,-4.039943884,0.123150797
catchment,periphyton biomass,6,canopy,0.19 (0.13),10.01997194,3.350638863,-4.039943884,0.123150797
catchment,periphyton biomass,7,intercept,0.01 (0.14),10.02018705,6.950208643,-0.440374103,0.0833081
catchment,periphyton biomass,7,forest disturbance,-0.13 (0.16),10.02018705,6.950208643,-0.440374103,0.0833081
catchment,periphyton biomass,7,road density,0 (0.15),10.02018705,6.950208643,-0.440374103,0.0833081
catchment,periphyton biomass,7,human impact,-0.05 (0.15),10.02018705,6.950208643,-0.440374103,0.0833081
catchment,periphyton biomass,7,wetted width,0.41 (0.17),10.02018705,6.950208643,-0.440374103,0.0833081
catchment,periphyton biomass,7,canopy,0.19 (0.13),10.02018705,6.950208643,-0.440374103,0.0833081
catchment,periphyton biomass,8,intercept,0 (0.14),9.78265812,3.825266506,-3.565316241,0.108160647
catchment,periphyton biomass,8,wetted width,0.44 (0.17),9.78265812,3.825266506,-3.565316241,0.108160647
catchment,periphyton biomass,8,% wetland,-0.08 (0.15),9.78265812,3.825266506,-3.565316241,0.108160647
catchment,periphyton biomass,8,substrate size,-0.08 (0.18),9.78265812,3.825266506,-3.565316241,0.108160647
catchment,periphyton biomass,8,canopy,0.17 (0.13),9.78265812,3.825266506,-3.565316241,0.108160647
catchment,% shredders,null,intercept,0.28 (0.05),-1.207543742,4.897388508,6.895087485,0
catchment,% shredders,1,intercept,0.73 (0.14),5.22236106,0.28485163,2.282550607,0.289293603
catchment,% shredders,1,forest disturbance,-0.1 (0.16),5.22236106,0.28485163,2.282550607,0.289293603
catchment,% shredders,1,wetted width,-0.21 (0.17),5.22236106,0.28485163,2.282550607,0.289293603
catchment,% shredders,1,substrate size,-0.61 (0.2),5.22236106,0.28485163,2.282550607,0.289293603
catchment,% shredders,2,intercept,0.73 (0.13),5.364786875,0,1.997698976,0.29648716
catchment,% shredders,2,road density,-0.12 (0.15),5.364786875,0,1.997698976,0.29648716
catchment,% shredders,2,wetted width,-0.2 (0.16),5.364786875,0,1.997698976,0.29648716
catchment,% shredders,2,substrate size,-0.63 (0.2),5.364786875,0,1.997698976,0.29648716
catchment,% shredders,3,intercept,0.7 (0.12),5.012828912,0.703915926,2.701614903,0.278576761
catchment,% shredders,3,human impact,-0.03 (0.16),5.012828912,0.703915926,2.701614903,0.278576761
catchment,% shredders,3,wetted width,-0.19 (0.17),5.012828912,0.703915926,2.701614903,0.278576761
catchment,% shredders,3,substrate size,-0.63 (0.2),5.012828912,0.703915926,2.701614903,0.278576761
catchment,% shredders,4,intercept,0.73 (0.13),5.365094667,3.272111691,5.269810667,0.265915785
catchment,% shredders,4,road density,-0.12 (0.16),5.365094667,3.272111691,5.269810667,0.265915785
catchment,% shredders,4,human impact,0 (0.16),5.365094667,3.272111691,5.269810667,0.265915785
catchment,% shredders,4,wetted width,-0.2 (0.17),5.365094667,3.272111691,5.269810667,0.265915785
catchment,% shredders,4,substrate size,-0.63 (0.21),5.365094667,3.272111691,5.269810667,0.265915785
catchment,% shredders,5,intercept,0.75 (0.14),5.442455399,3.117390226,5.115089202,0.269960976
catchment,% shredders,5,forest disturbance,-0.06 (0.17),5.442455399,3.117390226,5.115089202,0.269960976
catchment,% shredders,5,road density,-0.1 (0.17),5.442455399,3.117390226,5.115089202,0.269960976
catchment,% shredders,5,wetted width,-0.21 (0.17),5.442455399,3.117390226,5.115089202,0.269960976
catchment,% shredders,5,substrate size,-0.62 (0.21),5.442455399,3.117390226,5.115089202,0.269960976
catchment,% shredders,6,intercept,0.74 (0.15),5.278283059,3.445734906,5.443433882,0.261349712
catchment,% shredders,6,forest disturbance,-0.11 (0.16),5.278283059,3.445734906,5.443433882,0.261349712
catchment,% shredders,6,human impact,-0.05 (0.16),5.278283059,3.445734906,5.443433882,0.261349712
catchment,% shredders,6,wetted width,-0.21 (0.17),5.278283059,3.445734906,5.443433882,0.261349712
catchment,% shredders,6,substrate size,-0.61 (0.21),5.278283059,3.445734906,5.443433882,0.261349712
catchment,% shredders,7,intercept,0.75 (0.15),5.44729041,6.707720203,8.70541918,0.237040923
catchment,% shredders,7,forest disturbance,-0.07 (0.18),5.44729041,6.707720203,8.70541918,0.237040923
catchment,% shredders,7,road density,-0.09 (0.18),5.44729041,6.707720203,8.70541918,0.237040923
catchment,% shredders,7,human impact,-0.02 (0.18),5.44729041,6.707720203,8.70541918,0.237040923
catchment,% shredders,7,wetted width,-0.21 (0.17),5.44729041,6.707720203,8.70541918,0.237040923
catchment,% shredders,7,substrate size,-0.62 (0.21),5.44729041,6.707720203,8.70541918,0.237040923
catchment,% shredders,8,intercept,0.8 (0.15),6.100144881,1.802011262,3.799710238,0.303463518
catchment,% shredders,8,canopy,-0.1 (0.15),6.100144881,1.802011262,3.799710238,0.303463518
catchment,% shredders,8,flow,-0.2 (0.18),6.100144881,1.802011262,3.799710238,0.303463518
catchment,% shredders,8,wetted width,-0.3 (0.2),6.100144881,1.802011262,3.799710238,0.303463518
catchment,% shredders,8,substrate size,-0.55 (0.21),6.100144881,1.802011262,3.799710238,0.303463518
catchment,total nitrogen,null,intercept,0.25 (0.04),1.75370538,0,0.972589241,0
catchment,total nitrogen,1,intercept,0.16 (0.14),4.409731708,2.93522007,3.907809311,0.069406878
catchment,total nitrogen,1,forest disturbance,0.33 (0.18),4.409731708,2.93522007,3.907809311,0.069406878
catchment,total nitrogen,1,wetted width,-0.16 (0.17),4.409731708,2.93522007,3.907809311,0.069406878
catchment,total nitrogen,1,% wetland,0.08 (0.2),4.409731708,2.93522007,3.907809311,0.069406878
catchment,total nitrogen,2,intercept,0.38 (0.11),2.763884354,6.226914779,7.19950402,-0.046684338
catchment,total nitrogen,2,road density,-0.07 (0.17),2.763884354,6.226914779,7.19950402,-0.046684338
catchment,total nitrogen,2,wetted width,-0.2 (0.18),2.763884354,6.226914779,7.19950402,-0.046684338
catchment,total nitrogen,2,% wetland,-0.12 (0.19),2.763884354,6.226914779,7.19950402,-0.046684338
catchment,total nitrogen,3,intercept,0.31 (0.1),3.395656697,4.963370091,5.935959332,-0.000500924
catchment,total nitrogen,3,human impact,0.19 (0.17),3.395656697,4.963370091,5.935959332,-0.000500924
catchment,total nitrogen,3,wetted width,-0.18 (0.17),3.395656697,4.963370091,5.935959332,-0.000500924
catchment,total nitrogen,3,% wetland,-0.09 (0.18),3.395656697,4.963370091,5.935959332,-0.000500924
catchment,total nitrogen,4,intercept,0.35 (0.11),3.706089381,7.615231997,8.587821238,-0.021106303
catchment,total nitrogen,4,road density,-0.12 (0.17),3.706089381,7.615231997,8.587821238,-0.021106303
catchment,total nitrogen,4,human impact,0.22 (0.17),3.706089381,7.615231997,8.587821238,-0.021106303
catchment,total nitrogen,4,wetted width,-0.19 (0.17),3.706089381,7.615231997,8.587821238,-0.021106303
catchment,total nitrogen,4,% wetland,-0.11 (0.19),3.706089381,7.615231997,8.587821238,-0.021106303
catchment,total nitrogen,5,intercept,0.19 (0.14),5.026177039,4.975056681,5.947645922,0.070775885
catchment,total nitrogen,5,forest disturbance,0.39 (0.19),5.026177039,4.975056681,5.947645922,0.070775885
catchment,total nitrogen,5,road density,-0.17 (0.17),5.026177039,4.975056681,5.947645922,0.070775885
catchment,total nitrogen,5,wetted width,-0.17 (0.17),5.026177039,4.975056681,5.947645922,0.070775885
catchment,total nitrogen,5,% wetland,0.08 (0.2),5.026177039,4.975056681,5.947645922,0.070775885
catchment,total nitrogen,6,intercept,0.06 (0.15),5.984884253,3.057642253,4.030231494,0.132278451
catchment,total nitrogen,6,forest disturbance,0.39 (0.18),5.984884253,3.057642253,4.030231494,0.132278451
catchment,total nitrogen,6,human impact,0.26 (0.16),5.984884253,3.057642253,4.030231494,0.132278451
catchment,total nitrogen,6,wetted width,-0.14 (0.16),5.984884253,3.057642253,4.030231494,0.132278451
catchment,total nitrogen,6,% wetland,0.13 (0.2),5.984884253,3.057642253,4.030231494,0.132278451
catchment,total nitrogen,7,intercept,0.07 (0.14),8.059812529,2.507785701,3.480374942,0.21779765
catchment,total nitrogen,7,forest disturbance,0.53 (0.19),8.059812529,2.507785701,3.480374942,0.21779765
catchment,total nitrogen,7,road density,-0.31 (0.17),8.059812529,2.507785701,3.480374942,0.21779765
catchment,total nitrogen,7,human impact,0.37 (0.16),8.059812529,2.507785701,3.480374942,0.21779765
catchment,total nitrogen,7,wetted width,-0.16 (0.15),8.059812529,2.507785701,3.480374942,0.21779765
catchment,total nitrogen,7,% wetland,0.15 (0.19),8.059812529,2.507785701,3.480374942,0.21779765
catchment,total nitrogen,8,intercept,0.31 (0.18),2.948139526,9.131131708,10.10372095,-0.077912096
catchment,total nitrogen,8,wetted width,-0.15 (0.21),2.948139526,9.131131708,10.10372095,-0.077912096
catchment,total nitrogen,8,canopy,0.08 (0.18),2.948139526,9.131131708,10.10372095,-0.077912096
catchment,total nitrogen,8,% lake,-0.06 (0.17),2.948139526,9.131131708,10.10372095,-0.077912096
catchment,total nitrogen,8,% wetland,-0.09 (0.2),2.948139526,9.131131708,10.10372095,-0.077912096
catchment,electrical_conductivity,null,intercept,0.18 (0.04),2.519452563,2.740153512,-0.558905127,0
catchment,electrical_conductivity,1,intercept,0.22 (0.14),3.4492562,9.127818965,5.828760326,-0.052710735
catchment,electrical_conductivity,1,forest disturbance,0.06 (0.19),3.4492562,9.127818965,5.828760326,-0.052710735
catchment,electrical_conductivity,1,wetted width,-0.06 (0.17),3.4492562,9.127818965,5.828760326,-0.052710735
catchment,electrical_conductivity,1,% wetland,-0.17 (0.21),3.4492562,9.127818965,5.828760326,-0.052710735
catchment,electrical_conductivity,2,intercept,0.11 (0.1),6.881452378,2.263426611,-1.035632028,0.176167775
catchment,electrical_conductivity,2,road density,0.38 (0.15),6.881452378,2.263426611,-1.035632028,0.176167775
catchment,electrical_conductivity,2,wetted width,-0.02 (0.15),6.881452378,2.263426611,-1.035632028,0.176167775
catchment,electrical_conductivity,2,% wetland,-0.12 (0.17),6.881452378,2.263426611,-1.035632028,0.176167775
catchment,electrical_conductivity,3,intercept,0.16 (0.08),7.181181854,1.663967657,-1.635090982,0.193617939
catchment,electrical_conductivity,3,human impact,0.4 (0.15),7.181181854,1.663967657,-1.635090982,0.193617939
catchment,electrical_conductivity,3,wetted width,-0.05 (0.15),7.181181854,1.663967657,-1.635090982,0.193617939
catchment,electrical_conductivity,3,% wetland,-0.18 (0.16),7.181181854,1.663967657,-1.635090982,0.193617939
catchment,electrical_conductivity,4,intercept,0.06 (0.09),9.649529319,0,-3.299058639,0.294570574
catchment,electrical_conductivity,4,road density,0.3 (0.14),9.649529319,0,-3.299058639,0.294570574
catchment,electrical_conductivity,4,human impact,0.32 (0.14),9.649529319,0,-3.299058639,0.294570574
catchment,electrical_conductivity,4,wetted width,-0.02 (0.14),9.649529319,0,-3.299058639,0.294570574
catchment,electrical_conductivity,4,% wetland,-0.12 (0.15),9.649529319,0,-3.299058639,0.294570574
catchment,electrical_conductivity,5,intercept,0.15 (0.13),7.031459141,5.236140356,1.937081717,0.149510773
catchment,electrical_conductivity,5,forest disturbance,-0.09 (0.18),7.031459141,5.236140356,1.937081717,0.149510773
catchment,electrical_conductivity,5,road density,0.4 (0.16),7.031459141,5.236140356,1.937081717,0.149510773
catchment,electrical_conductivity,5,wetted width,-0.03 (0.15),7.031459141,5.236140356,1.937081717,0.149510773
catchment,electrical_conductivity,5,% wetland,-0.17 (0.19),7.031459141,5.236140356,1.937081717,0.149510773
catchment,electrical_conductivity,6,intercept,0.05 (0.14),7.732270003,3.834518632,0.535459993,0.191036478
catchment,electrical_conductivity,6,forest disturbance,0.16 (0.17),7.732270003,3.834518632,0.535459993,0.191036478
catchment,electrical_conductivity,6,human impact,0.43 (0.15),7.732270003,3.834518632,0.535459993,0.191036478
catchment,electrical_conductivity,6,wetted width,-0.04 (0.15),7.732270003,3.834518632,0.535459993,0.191036478
catchment,electrical_conductivity,6,% wetland,-0.09 (0.19),7.732270003,3.834518632,0.535459993,0.191036478
catchment,electrical_conductivity,7,intercept,0.05 (0.13),9.677152049,3.54475454,0.245695901,0.26395928
catchment,electrical_conductivity,7,forest disturbance,0.04 (0.18),9.677152049,3.54475454,0.245695901,0.26395928
catchment,electrical_conductivity,7,road density,0.28 (0.16),9.677152049,3.54475454,0.245695901,0.26395928
catchment,electrical_conductivity,7,human impact,0.33 (0.15),9.677152049,3.54475454,0.245695901,0.26395928
catchment,electrical_conductivity,7,wetted width,-0.02 (0.14),9.677152049,3.54475454,0.245695901,0.26395928
catchment,electrical_conductivity,7,% wetland,-0.1 (0.18),9.677152049,3.54475454,0.245695901,0.26395928
catchment,electrical_conductivity,8,intercept,0.25 (0.18),3.526170203,12.24671823,8.947659595,-0.092462418
catchment,electrical_conductivity,8,wetted width,-0.06 (0.21),3.526170203,12.24671823,8.947659595,-0.092462418
catchment,electrical_conductivity,8,canopy,0.02 (0.17),3.526170203,12.24671823,8.947659595,-0.092462418
catchment,electrical_conductivity,8,% wetland,-0.21 (0.2),3.526170203,12.24671823,8.947659595,-0.092462418
catchment,electrical_conductivity,8,% lake,-0.06 (0.16),3.526170203,12.24671823,8.947659595,-0.092462418
catchment,embeddedness,null,intercept,0.57 (0.05),-1.627642698,0,7.735285396,0
catchment,embeddedness,1,intercept,0.37 (0.15),0.990713041,3.01056125,10.74584665,0.066899507
catchment,embeddedness,1,forest disturbance,0.18 (0.18),0.990713041,3.01056125,10.74584665,0.066899507
catchment,embeddedness,1,substrate size,0.11 (0.23),0.990713041,3.01056125,10.74584665,0.066899507
catchment,embeddedness,1,% lake,0.33 (0.16),0.990713041,3.01056125,10.74584665,0.066899507
catchment,embeddedness,2,intercept,0.45 (0.15),0.491564936,4.008857459,11.74414285,0.033031093
catchment,embeddedness,2,road density,-0.05 (0.18),0.491564936,4.008857459,11.74414285,0.033031093
catchment,embeddedness,2,substrate size,0.12 (0.23),0.491564936,4.008857459,11.74414285,0.033031093
catchment,embeddedness,2,% lake,0.33 (0.17),0.491564936,4.008857459,11.74414285,0.033031093
catchment,embeddedness,3,intercept,0.45 (0.15),0.470074543,4.051838245,11.78712364,0.031545629
catchment,embeddedness,3,human impact,-0.04 (0.19),0.470074543,4.051838245,11.78712364,0.031545629
catchment,embeddedness,3,substrate size,0.13 (0.23),0.470074543,4.051838245,11.78712364,0.031545629
catchment,embeddedness,3,% lake,0.32 (0.17),0.470074543,4.051838245,11.78712364,0.031545629
catchment,embeddedness,4,intercept,0.46 (0.16),0.503942683,7.256829238,14.99211463,-0.008119336
catchment,embeddedness,4,road density,-0.05 (0.19),0.503942683,7.256829238,14.99211463,-0.008119336
catchment,embeddedness,4,human impact,-0.03 (0.2),0.503942683,7.256829238,14.99211463,-0.008119336
catchment,embeddedness,4,substrate size,0.12 (0.24),0.503942683,7.256829238,14.99211463,-0.008119336
catchment,embeddedness,4,% lake,0.32 (0.17),0.503942683,7.256829238,14.99211463,-0.008119336
catchment,embeddedness,5,intercept,0.39 (0.16),1.322669412,5.619375781,13.35466118,0.049145219
catchment,embeddedness,5,forest disturbance,0.23 (0.2),1.322669412,5.619375781,13.35466118,0.049145219
catchment,embeddedness,5,road density,-0.14 (0.19),1.322669412,5.619375781,13.35466118,0.049145219
catchment,embeddedness,5,substrate size,0.09 (0.23),1.322669412,5.619375781,13.35466118,0.049145219
catchment,embeddedness,5,% lake,0.35 (0.17),1.322669412,5.619375781,13.35466118,0.049145219
catchment,embeddedness,6,intercept,0.38 (0.17),0.994019942,6.27667472,14.01196012,0.026559881
catchment,embeddedness,6,forest disturbance,0.17 (0.19),0.994019942,6.27667472,14.01196012,0.026559881
catchment,embeddedness,6,human impact,-0.01 (0.19),0.994019942,6.27667472,14.01196012,0.026559881
catchment,embeddedness,6,substrate size,0.11 (0.23),0.994019942,6.27667472,14.01196012,0.026559881
catchment,embeddedness,6,% lake,0.33 (0.17),0.994019942,6.27667472,14.01196012,0.026559881
catchment,embeddedness,7,intercept,0.38 (0.17),1.357909522,9.14889556,16.88418096,0.008423638
catchment,embeddedness,7,forest disturbance,0.25 (0.21),1.357909522,9.14889556,16.88418096,0.008423638
catchment,embeddedness,7,road density,-0.16 (0.22),1.357909522,9.14889556,16.88418096,0.008423638
catchment,embeddedness,7,human impact,0.05 (0.21),1.357909522,9.14889556,16.88418096,0.008423638
catchment,embeddedness,7,substrate size,0.09 (0.24),1.357909522,9.14889556,16.88418096,0.008423638
catchment,embeddedness,7,% lake,0.36 (0.17),1.357909522,9.14889556,16.88418096,0.008423638
catchment,embeddedness,8,intercept,0.53 (0.16),1.080521494,6.103671617,13.83895701,0.032555915
catchment,embeddedness,8,wetted width,-0.17 (0.2),1.080521494,6.103671617,13.83895701,0.032555915
catchment,embeddedness,8,substrate size,0.21 (0.25),1.080521494,6.103671617,13.83895701,0.032555915
catchment,embeddedness,8,% lake,0.28 (0.17),1.080521494,6.103671617,13.83895701,0.032555915
catchment,embeddedness,8,flow,-0.17 (0.21),1.080521494,6.103671617,13.83895701,0.032555915
catchment,total dissolved solids,null,intercept,0.18 (0.04),2.548005539,4.315163937,-0.616011078,0
catchment,total dissolved solids,1,intercept,0.32 (0.14),5.062005346,7.534437049,2.603262035,0.059918193
catchment,total dissolved solids,1,forest disturbance,0.08 (0.16),5.062005346,7.534437049,2.603262035,0.059918193
catchment,total dissolved solids,1,substrate size,-0.21 (0.2),5.062005346,7.534437049,2.603262035,0.059918193
catchment,total dissolved solids,1,% barren,-0.27 (0.15),5.062005346,7.534437049,2.603262035,0.059918193
catchment,total dissolved solids,2,intercept,0.21 (0.13),7.774110366,2.11022701,-2.820948004,0.225478737
catchment,total dissolved solids,2,road density,0.34 (0.14),7.774110366,2.11022701,-2.820948004,0.225478737
catchment,total dissolved solids,2,substrate size,-0.15 (0.18),7.774110366,2.11022701,-2.820948004,0.225478737
catchment,total dissolved solids,2,% barren,-0.19 (0.14),7.774110366,2.11022701,-2.820948004,0.225478737
catchment,total dissolved solids,3,intercept,0.26 (0.12),8.436422714,0.785602313,-4.145572701,0.261266608
catchment,total dissolved solids,3,human impact,0.37 (0.14),8.436422714,0.785602313,-4.145572701,0.261266608
catchment,total dissolved solids,3,substrate size,-0.2 (0.18),8.436422714,0.785602313,-4.145572701,0.261266608
catchment,total dissolved solids,3,% barren,-0.24 (0.13),8.436422714,0.785602313,-4.145572701,0.261266608
catchment,total dissolved solids,4,intercept,0.16 (0.12),10.46558751,0,-4.931175014,0.33315585
catchment,total dissolved solids,4,road density,0.26 (0.14),10.46558751,0,-4.931175014,0.33315585
catchment,total dissolved solids,4,human impact,0.3 (0.14),10.46558751,0,-4.931175014,0.33315585
catchment,total dissolved solids,4,substrate size,-0.16 (0.17),10.46558751,0,-4.931175014,0.33315585
catchment,total dissolved solids,4,% barren,-0.17 (0.13),10.46558751,0,-4.931175014,0.33315585
catchment,total dissolved solids,5,intercept,0.22 (0.14),7.807496654,5.316181707,0.385006693,0.193728937
catchment,total dissolved solids,5,forest disturbance,-0.04 (0.16),7.807496654,5.316181707,0.385006693,0.193728937
catchment,total dissolved solids,5,road density,0.35 (0.16),7.807496654,5.316181707,0.385006693,0.193728937
catchment,total dissolved solids,5,substrate size,-0.15 (0.19),7.807496654,5.316181707,0.385006693,0.193728937
catchment,total dissolved solids,5,% barren,-0.2 (0.15),7.807496654,5.316181707,0.385006693,0.193728937
catchment,total dissolved solids,6,intercept,0.18 (0.14),9.191805614,2.547563787,-2.383611227,0.26963765
catchment,total dissolved solids,6,forest disturbance,0.16 (0.14),9.191805614,2.547563787,-2.383611227,0.26963765
catchment,total dissolved solids,6,human impact,0.4 (0.14),9.191805614,2.547563787,-2.383611227,0.26963765
catchment,total dissolved solids,6,substrate size,-0.21 (0.18),9.191805614,2.547563787,-2.383611227,0.26963765
catchment,total dissolved solids,6,% barren,-0.19 (0.14),9.191805614,2.547563787,-2.383611227,0.26963765
catchment,total dissolved solids,7,intercept,0.14 (0.13),10.59403489,3.343105227,-1.588069788,0.309211769
catchment,total dissolved solids,7,forest disturbance,0.07 (0.15),10.59403489,3.343105227,-1.588069788,0.309211769
catchment,total dissolved solids,7,road density,0.23 (0.15),10.59403489,3.343105227,-1.588069788,0.309211769
catchment,total dissolved solids,7,human impact,0.33 (0.15),10.59403489,3.343105227,-1.588069788,0.309211769
catchment,total dissolved solids,7,substrate size,-0.16 (0.17),10.59403489,3.343105227,-1.588069788,0.309211769
catchment,total dissolved solids,7,% barren,-0.16 (0.14),10.59403489,3.343105227,-1.588069788,0.309211769
catchment,total dissolved solids,8,intercept,0.36 (0.14),4.933073172,11.06502867,6.133853656,0.009969298
catchment,total dissolved solids,8,wetted width,-0.02 (0.17),4.933073172,11.06502867,6.133853656,0.009969298
catchment,total dissolved solids,8,substrate size,-0.21 (0.21),4.933073172,11.06502867,6.133853656,0.009969298
catchment,total dissolved solids,8,% barren,-0.29 (0.15),4.933073172,11.06502867,6.133853656,0.009969298
catchment,total dissolved solids,8,% lake,-0.01 (0.15),4.933073172,11.06502867,6.133853656,0.009969298
riparian,invertebrate biomass,null,intercept,0.25 (0.05),0.271630457,0.777268607,3.936739086,0
riparian,invertebrate biomass,1,intercept,0.46 (0.13),4.783901124,0,3.159470479,0.184963199
riparian,invertebrate biomass,1,forest disturbance,-0.11 (0.17),4.783901124,0,3.159470479,0.184963199
riparian,invertebrate biomass,1,wetted width,-0.48 (0.17),4.783901124,0,3.159470479,0.184963199
riparian,invertebrate biomass,1,substrate size,0.05 (0.21),4.783901124,0,3.159470479,0.184963199
riparian,invertebrate biomass,2,intercept,0.4 (0.13),4.708608434,0.15058538,3.310055859,0.180568083
riparian,invertebrate biomass,2,road density,0.07 (0.15),4.708608434,0.15058538,3.310055859,0.180568083
riparian,invertebrate biomass,2,wetted width,-0.48 (0.17),4.708608434,0.15058538,3.310055859,0.180568083
riparian,invertebrate biomass,2,substrate size,0.04 (0.21),4.708608434,0.15058538,3.310055859,0.180568083
riparian,invertebrate biomass,3,intercept,0.44 (0.13),4.606857161,0.354087926,3.513558405,0.174590799
riparian,invertebrate biomass,3,human impact,-0.04 (0.15),4.606857161,0.354087926,3.513558405,0.174590799
riparian,invertebrate biomass,3,wetted width,-0.49 (0.17),4.606857161,0.354087926,3.513558405,0.174590799
riparian,invertebrate biomass,3,substrate size,0.04 (0.21),4.606857161,0.354087926,3.513558405,0.174590799
riparian,invertebrate biomass,4,intercept,0.41 (0.14),4.796990269,3.246548984,6.406019463,0.150321585
riparian,invertebrate biomass,4,road density,0.09 (0.15),4.796990269,3.246548984,6.406019463,0.150321585
riparian,invertebrate biomass,4,human impact,-0.06 (0.15),4.796990269,3.246548984,6.406019463,0.150321585
riparian,invertebrate biomass,4,wetted width,-0.48 (0.17),4.796990269,3.246548984,6.406019463,0.150321585
riparian,invertebrate biomass,4,substrate size,0.05 (0.21),4.796990269,3.246548984,6.406019463,0.150321585
riparian,invertebrate biomass,5,intercept,0.43 (0.14),5.320567196,2.199395129,5.358865608,0.1815113
riparian,invertebrate biomass,5,forest disturbance,-0.2 (0.2),5.320567196,2.199395129,5.358865608,0.1815113
riparian,invertebrate biomass,5,road density,0.16 (0.17),5.320567196,2.199395129,5.358865608,0.1815113
riparian,invertebrate biomass,5,wetted width,-0.46 (0.17),5.320567196,2.199395129,5.358865608,0.1815113
riparian,invertebrate biomass,5,substrate size,0.07 (0.21),5.320567196,2.199395129,5.358865608,0.1815113
riparian,invertebrate biomass,6,intercept,0.48 (0.14),4.85540096,3.1297276,6.289198079,0.153859222
riparian,invertebrate biomass,6,forest disturbance,-0.11 (0.18),4.85540096,3.1297276,6.289198079,0.153859222
riparian,invertebrate biomass,6,human impact,-0.05 (0.15),4.85540096,3.1297276,6.289198079,0.153859222
riparian,invertebrate biomass,6,wetted width,-0.49 (0.17),4.85540096,3.1297276,6.289198079,0.153859222
riparian,invertebrate biomass,6,substrate size,0.05 (0.21),4.85540096,3.1297276,6.289198079,0.153859222
riparian,invertebrate biomass,7,intercept,0.45 (0.14),5.637681059,5.165167404,8.324637883,0.16347169
riparian,invertebrate biomass,7,forest disturbance,-0.25 (0.21),5.637681059,5.165167404,8.324637883,0.16347169
riparian,invertebrate biomass,7,road density,0.21 (0.18),5.637681059,5.165167404,8.324637883,0.16347169
riparian,invertebrate biomass,7,human impact,-0.11 (0.16),5.637681059,5.165167404,8.324637883,0.16347169
riparian,invertebrate biomass,7,wetted width,-0.47 (0.17),5.637681059,5.165167404,8.324637883,0.16347169
riparian,invertebrate biomass,7,substrate size,0.09 (0.21),5.637681059,5.165167404,8.324637883,0.16347169
riparian,invertebrate biomass,8,intercept,0.35 (0.16),4.95644781,2.9276339,6.087104379,0.159944368
riparian,invertebrate biomass,8,wetted width,-0.39 (0.2),4.95644781,2.9276339,6.087104379,0.159944368
riparian,invertebrate biomass,8,substrate size,0 (0.22),4.95644781,2.9276339,6.087104379,0.159944368
riparian,invertebrate biomass,8,canopy,0.11 (0.15),4.95644781,2.9276339,6.087104379,0.159944368
riparian,invertebrate biomass,8,flow,0.04 (0.18),4.95644781,2.9276339,6.087104379,0.159944368
riparian,EPT index,null,intercept,0.43 (0.05),-2.331118156,0,9.142236311,0
riparian,EPT index,1,intercept,0.1 (0.15),1.279599501,1.025837415,10.16807373,0.130750748
riparian,EPT index,1,forest disturbance,0.4 (0.2),1.279599501,1.025837415,10.16807373,0.130750748
riparian,EPT index,1,wetted width,0.16 (0.19),1.279599501,1.025837415,10.16807373,0.130750748
riparian,EPT index,1,substrate size,0.22 (0.23),1.279599501,1.025837415,10.16807373,0.130750748
riparian,EPT index,2,intercept,0.14 (0.16),-0.051155001,3.687346418,12.82958273,0.044070846
riparian,EPT index,2,road density,0.23 (0.17),-0.051155001,3.687346418,12.82958273,0.044070846
riparian,EPT index,2,wetted width,0.19 (0.2),-0.051155001,3.687346418,12.82958273,0.044070846
riparian,EPT index,2,substrate size,0.28 (0.25),-0.051155001,3.687346418,12.82958273,0.044070846
riparian,EPT index,3,intercept,0.25 (0.15),-0.842864857,5.270766131,14.41300244,-0.011545368
riparian,EPT index,3,human impact,-0.1 (0.18),-0.842864857,5.270766131,14.41300244,-0.011545368
riparian,EPT index,3,wetted width,0.16 (0.21),-0.842864857,5.270766131,14.41300244,-0.011545368
riparian,EPT index,3,substrate size,0.27 (0.25),-0.842864857,5.270766131,14.41300244,-0.011545368
riparian,EPT index,4,intercept,0.16 (0.16),0.423915203,6.009933282,15.15216959,0.035789307
riparian,EPT index,4,road density,0.26 (0.18),0.423915203,6.009933282,15.15216959,0.035789307
riparian,EPT index,4,human impact,-0.16 (0.18),0.423915203,6.009933282,15.15216959,0.035789307
riparian,EPT index,4,wetted width,0.18 (0.2),0.423915203,6.009933282,15.15216959,0.035789307
riparian,EPT index,4,substrate size,0.3 (0.25),0.423915203,6.009933282,15.15216959,0.035789307
riparian,EPT index,5,intercept,0.09 (0.16),1.356405133,4.144953422,13.28718973,0.097919819
riparian,EPT index,5,forest disturbance,0.36 (0.23),1.356405133,4.144953422,13.28718973,0.097919819
riparian,EPT index,5,road density,0.07 (0.2),1.356405133,4.144953422,13.28718973,0.097919819
riparian,EPT index,5,wetted width,0.16 (0.19),1.356405133,4.144953422,13.28718973,0.097919819
riparian,EPT index,5,substrate size,0.23 (0.24),1.356405133,4.144953422,13.28718973,0.097919819
riparian,EPT index,6,intercept,0.12 (0.16),1.347134302,4.163495085,13.3057314,0.097322262
riparian,EPT index,6,forest disturbance,0.4 (0.2),1.347134302,4.163495085,13.3057314,0.097322262
riparian,EPT index,6,human impact,-0.06 (0.17),1.347134302,4.163495085,13.3057314,0.097322262
riparian,EPT index,6,wetted width,0.15 (0.19),1.347134302,4.163495085,13.3057314,0.097322262
riparian,EPT index,6,substrate size,0.23 (0.24),1.347134302,4.163495085,13.3057314,0.097322262
riparian,EPT index,7,intercept,0.11 (0.16),1.500367067,7.457029554,16.59926587,0.066564211
riparian,EPT index,7,forest disturbance,0.33 (0.25),1.500367067,7.457029554,16.59926587,0.066564211
riparian,EPT index,7,road density,0.1 (0.21),1.500367067,7.457029554,16.59926587,0.066564211
riparian,EPT index,7,human impact,-0.09 (0.19),1.500367067,7.457029554,16.59926587,0.066564211
riparian,EPT index,7,wetted width,0.16 (0.2),1.500367067,7.457029554,16.59926587,0.066564211
riparian,EPT index,7,substrate size,0.25 (0.25),1.500367067,7.457029554,16.59926587,0.066564211
riparian,EPT index,8,intercept,0.19 (0.2),-0.778069629,8.413902946,17.55613926,-0.050651673
riparian,EPT index,8,wetted width,0.21 (0.25),-0.778069629,8.413902946,17.55613926,-0.050651673
riparian,EPT index,8,substrate size,0.27 (0.27),-0.778069629,8.413902946,17.55613926,-0.050651673
riparian,EPT index,8,canopy,0.1 (0.19),-0.778069629,8.413902946,17.55613926,-0.050651673
riparian,EPT index,8,flow,-0.1 (0.22),-0.778069629,8.413902946,17.55613926,-0.050651673
riparian,periphyton biomass,null,intercept,0.2 (0.04),5.935291373,0,-7.390582747,0
riparian,periphyton biomass,1,intercept,-0.03 (0.12),9.744264753,0.629325969,-6.761256778,0.142973545
riparian,periphyton biomass,1,forest disturbance,-0.1 (0.14),9.744264753,0.629325969,-6.761256778,0.142973545
riparian,periphyton biomass,1,wetted width,0.43 (0.16),9.744264753,0.629325969,-6.761256778,0.142973545
riparian,periphyton biomass,1,canopy,0.19 (0.13),9.744264753,0.629325969,-6.761256778,0.142973545
riparian,periphyton biomass,2,intercept,-0.04 (0.12),9.571345821,0.975163833,-6.415418914,0.132322467
riparian,periphyton biomass,2,road density,-0.05 (0.12),9.571345821,0.975163833,-6.415418914,0.132322467
riparian,periphyton biomass,2,wetted width,0.41 (0.16),9.571345821,0.975163833,-6.415418914,0.132322467
riparian,periphyton biomass,2,canopy,0.18 (0.13),9.571345821,0.975163833,-6.415418914,0.132322467
riparian,periphyton biomass,3,intercept,-0.04 (0.12),9.509953957,1.09794756,-6.292635187,0.128509231
riparian,periphyton biomass,3,human impact,-0.04 (0.12),9.509953957,1.09794756,-6.292635187,0.128509231
riparian,periphyton biomass,3,wetted width,0.41 (0.16),9.509953957,1.09794756,-6.292635187,0.128509231
riparian,periphyton biomass,3,canopy,0.17 (0.13),9.509953957,1.09794756,-6.292635187,0.128509231
riparian,periphyton biomass,4,intercept,-0.03 (0.13),9.594364464,4.20185382,-3.188728927,0.096084787
riparian,periphyton biomass,4,road density,-0.05 (0.13),9.594364464,4.20185382,-3.188728927,0.096084787
riparian,periphyton biomass,4,human impact,-0.03 (0.13),9.594364464,4.20185382,-3.188728927,0.096084787
riparian,periphyton biomass,4,wetted width,0.41 (0.17),9.594364464,4.20185382,-3.188728927,0.096084787
riparian,periphyton biomass,4,canopy,0.17 (0.13),9.594364464,4.20185382,-3.188728927,0.096084787
riparian,periphyton biomass,5,intercept,-0.02 (0.12),9.749460517,3.891661713,-3.498921034,0.106043357
riparian,periphyton biomass,5,forest disturbance,-0.09 (0.17),9.749460517,3.891661713,-3.498921034,0.106043357
riparian,periphyton biomass,5,road density,-0.01 (0.15),9.749460517,3.891661713,-3.498921034,0.106043357
riparian,periphyton biomass,5,wetted width,0.43 (0.17),9.749460517,3.891661713,-3.498921034,0.106043357
riparian,periphyton biomass,5,canopy,0.19 (0.13),9.749460517,3.891661713,-3.498921034,0.106043357
riparian,periphyton biomass,6,intercept,-0.01 (0.13),9.824545124,3.741492499,-3.649090248,0.110824979
riparian,periphyton biomass,6,forest disturbance,-0.11 (0.15),9.824545124,3.741492499,-3.649090248,0.110824979
riparian,periphyton biomass,6,human impact,-0.05 (0.13),9.824545124,3.741492499,-3.649090248,0.110824979
riparian,periphyton biomass,6,wetted width,0.42 (0.16),9.824545124,3.741492499,-3.649090248,0.110824979
riparian,periphyton biomass,6,canopy,0.18 (0.13),9.824545124,3.741492499,-3.649090248,0.110824979
riparian,periphyton biomass,7,intercept,-0.01 (0.13),9.824980951,7.340620845,-0.049961902,0.070436871
riparian,periphyton biomass,7,forest disturbance,-0.11 (0.18),9.824980951,7.340620845,-0.049961902,0.070436871
riparian,periphyton biomass,7,road density,0 (0.16),9.824980951,7.340620845,-0.049961902,0.070436871
riparian,periphyton biomass,7,human impact,-0.05 (0.14),9.824980951,7.340620845,-0.049961902,0.070436871
riparian,periphyton biomass,7,wetted width,0.43 (0.17),9.824980951,7.340620845,-0.049961902,0.070436871
riparian,periphyton biomass,7,canopy,0.18 (0.13),9.824980951,7.340620845,-0.049961902,0.070436871
riparian,periphyton biomass,8,intercept,0 (0.14),9.724867373,3.940848002,-3.449734745,0.104471605
riparian,periphyton biomass,8,wetted width,0.45 (0.17),9.724867373,3.940848002,-3.449734745,0.104471605
riparian,periphyton biomass,8,% wetland,-0.06 (0.15),9.724867373,3.940848002,-3.449734745,0.104471605
riparian,periphyton biomass,8,substrate size,-0.09 (0.18),9.724867373,3.940848002,-3.449734745,0.104471605
riparian,periphyton biomass,8,canopy,0.18 (0.13),9.724867373,3.940848002,-3.449734745,0.104471605
riparian,% shredders,null,intercept,0.28 (0.05),-1.207543742,6.026369084,6.895087485,0
riparian,% shredders,1,intercept,0.75 (0.13),5.929277163,0,0.868718401,0.324289052
riparian,% shredders,1,forest disturbance,-0.21 (0.17),5.929277163,0,0.868718401,0.324289052
riparian,% shredders,1,wetted width,-0.18 (0.16),5.929277163,0,0.868718401,0.324289052
riparian,% shredders,1,substrate size,-0.6 (0.2),5.929277163,0,0.868718401,0.324289052
riparian,% shredders,2,intercept,0.74 (0.13),5.605429318,0.647695691,1.516414092,0.308476329
riparian,% shredders,2,road density,-0.15 (0.14),5.605429318,0.647695691,1.516414092,0.308476329
riparian,% shredders,2,wetted width,-0.2 (0.16),5.605429318,0.647695691,1.516414092,0.308476329
riparian,% shredders,2,substrate size,-0.64 (0.2),5.605429318,0.647695691,1.516414092,0.308476329
riparian,% shredders,3,intercept,0.7 (0.12),5.012329313,1.8338957,2.702614101,0.278551016
riparian,% shredders,3,human impact,-0.03 (0.15),5.012329313,1.8338957,2.702614101,0.278551016
riparian,% shredders,3,wetted width,-0.19 (0.17),5.012329313,1.8338957,2.702614101,0.278551016
riparian,% shredders,3,substrate size,-0.62 (0.2),5.012329313,1.8338957,2.702614101,0.278551016
riparian,% shredders,4,intercept,0.74 (0.13),5.606131274,3.91901905,4.787737451,0.278446262
riparian,% shredders,4,road density,-0.15 (0.15),5.606131274,3.91901905,4.787737451,0.278446262
riparian,% shredders,4,human impact,0.01 (0.15),5.606131274,3.91901905,4.787737451,0.278446262
riparian,% shredders,4,wetted width,-0.2 (0.17),5.606131274,3.91901905,4.787737451,0.278446262
riparian,% shredders,4,substrate size,-0.64 (0.21),5.606131274,3.91901905,4.787737451,0.278446262
riparian,% shredders,5,intercept,0.77 (0.13),6.047808337,3.035664926,3.904383327,0.300854766
riparian,% shredders,5,forest disturbance,-0.17 (0.2),6.047808337,3.035664926,3.904383327,0.300854766
riparian,% shredders,5,road density,-0.07 (0.17),6.047808337,3.035664926,3.904383327,0.300854766
riparian,% shredders,5,wetted width,-0.19 (0.16),6.047808337,3.035664926,3.904383327,0.300854766
riparian,% shredders,5,substrate size,-0.62 (0.2),6.047808337,3.035664926,3.904383327,0.300854766
riparian,% shredders,6,intercept,0.77 (0.13),6.010102023,3.111077553,3.979795954,0.298969214
riparian,% shredders,6,forest disturbance,-0.22 (0.17),6.010102023,3.111077553,3.979795954,0.298969214
riparian,% shredders,6,human impact,-0.05 (0.14),6.010102023,3.111077553,3.979795954,0.298969214
riparian,% shredders,6,wetted width,-0.19 (0.16),6.010102023,3.111077553,3.979795954,0.298969214
riparian,% shredders,6,substrate size,-0.6 (0.2),6.010102023,3.111077553,3.979795954,0.298969214
riparian,% shredders,7,intercept,0.77 (0.14),6.079350514,6.572580572,7.441298973,0.270720366
riparian,% shredders,7,forest disturbance,-0.18 (0.21),6.079350514,6.572580572,7.441298973,0.270720366
riparian,% shredders,7,road density,-0.06 (0.18),6.079350514,6.572580572,7.441298973,0.270720366
riparian,% shredders,7,human impact,-0.04 (0.16),6.079350514,6.572580572,7.441298973,0.270720366
riparian,% shredders,7,wetted width,-0.19 (0.17),6.079350514,6.572580572,7.441298973,0.270720366
riparian,% shredders,7,substrate size,-0.61 (0.21),6.079350514,6.572580572,7.441298973,0.270720366
riparian,% shredders,8,intercept,0.8 (0.15),6.100144881,2.930991837,3.799710238,0.303463518
riparian,% shredders,8,canopy,-0.1 (0.15),6.100144881,2.930991837,3.799710238,0.303463518
riparian,% shredders,8,flow,-0.2 (0.18),6.100144881,2.930991837,3.799710238,0.303463518
riparian,% shredders,8,wetted width,-0.3 (0.2),6.100144881,2.930991837,3.799710238,0.303463518
riparian,% shredders,8,substrate size,-0.55 (0.21),6.100144881,2.930991837,3.799710238,0.303463518
riparian,total nitrogen,null,intercept,0.25 (0.04),1.75370538,0,0.972589241,0
riparian,total nitrogen,1,intercept,0.3 (0.12),2.98260363,5.789476226,6.762065467,-0.030459263
riparian,total nitrogen,1,forest disturbance,0.13 (0.2),2.98260363,5.789476226,6.762065467,-0.030459263
riparian,total nitrogen,1,wetted width,-0.2 (0.18),2.98260363,5.789476226,6.762065467,-0.030459263
riparian,total nitrogen,1,% wetland,-0.06 (0.19),2.98260363,5.789476226,6.762065467,-0.030459263
riparian,total nitrogen,2,intercept,0.37 (0.11),2.757727053,6.23922938,7.211818621,-0.047144779
riparian,total nitrogen,2,road density,-0.04 (0.16),2.757727053,6.23922938,7.211818621,-0.047144779
riparian,total nitrogen,2,wetted width,-0.19 (0.18),2.757727053,6.23922938,7.211818621,-0.047144779
riparian,total nitrogen,2,% wetland,-0.11 (0.18),2.757727053,6.23922938,7.211818621,-0.047144779
riparian,total nitrogen,3,intercept,0.29 (0.1),3.668407945,4.417867595,5.390456836,0.01880242
riparian,total nitrogen,3,human impact,0.2 (0.16),3.668407945,4.417867595,5.390456836,0.01880242
riparian,total nitrogen,3,wetted width,-0.17 (0.17),3.668407945,4.417867595,5.390456836,0.01880242
riparian,total nitrogen,3,% wetland,-0.06 (0.17),3.668407945,4.417867595,5.390456836,0.01880242
riparian,total nitrogen,4,intercept,0.31 (0.11),3.850367131,7.326676497,8.299265738,-0.010637274
riparian,total nitrogen,4,road density,-0.09 (0.16),3.850367131,7.326676497,8.299265738,-0.010637274
riparian,total nitrogen,4,human impact,0.22 (0.16),3.850367131,7.326676497,8.299265738,-0.010637274
riparian,total nitrogen,4,wetted width,-0.18 (0.17),3.850367131,7.326676497,8.299265738,-0.010637274
riparian,total nitrogen,4,% wetland,-0.07 (0.18),3.850367131,7.326676497,8.299265738,-0.010637274
riparian,total nitrogen,5,intercept,0.31 (0.12),3.280734196,8.465942366,9.438531607,-0.052606178
riparian,total nitrogen,5,forest disturbance,0.21 (0.23),3.280734196,8.465942366,9.438531607,-0.052606178
riparian,total nitrogen,5,road density,-0.13 (0.18),3.280734196,8.465942366,9.438531607,-0.052606178
riparian,total nitrogen,5,wetted width,-0.22 (0.18),3.280734196,8.465942366,9.438531607,-0.052606178
riparian,total nitrogen,5,% wetland,-0.05 (0.19),3.280734196,8.465942366,9.438531607,-0.052606178
riparian,total nitrogen,6,intercept,0.2 (0.13),4.253235667,6.520939425,7.493528666,0.018030694
riparian,total nitrogen,6,forest disturbance,0.19 (0.2),4.253235667,6.520939425,7.493528666,0.018030694
riparian,total nitrogen,6,human impact,0.23 (0.16),4.253235667,6.520939425,7.493528666,0.018030694
riparian,total nitrogen,6,wetted width,-0.19 (0.17),4.253235667,6.520939425,7.493528666,0.018030694
riparian,total nitrogen,6,% wetland,0.01 (0.19),4.253235667,6.520939425,7.493528666,0.018030694
riparian,total nitrogen,7,intercept,0.19 (0.13),5.410298022,7.806814715,8.779403956,0.054830286
riparian,total nitrogen,7,forest disturbance,0.37 (0.23),5.410298022,7.806814715,8.779403956,0.054830286
riparian,total nitrogen,7,road density,-0.26 (0.19),5.410298022,7.806814715,8.779403956,0.054830286
riparian,total nitrogen,7,human impact,0.32 (0.17),5.410298022,7.806814715,8.779403956,0.054830286
riparian,total nitrogen,7,wetted width,-0.23 (0.17),5.410298022,7.806814715,8.779403956,0.054830286
riparian,total nitrogen,7,% wetland,0.05 (0.19),5.410298022,7.806814715,8.779403956,0.054830286
riparian,total nitrogen,8,intercept,0.33 (0.18),3.176949861,8.673511036,9.646100277,-0.060438318
riparian,total nitrogen,8,wetted width,-0.15 (0.21),3.176949861,8.673511036,9.646100277,-0.060438318
riparian,total nitrogen,8,canopy,0.06 (0.17),3.176949861,8.673511036,9.646100277,-0.060438318
riparian,total nitrogen,8,% lake,-0.12 (0.18),3.176949861,8.673511036,9.646100277,-0.060438318
riparian,total nitrogen,8,% wetland,-0.11 (0.19),3.176949861,8.673511036,9.646100277,-0.060438318
riparian,electrical_conductivity,null,intercept,0.18 (0.04),2.519452563,4.361437129,-0.558905127,0
riparian,electrical_conductivity,1,intercept,0.19 (0.12),3.729716265,10.18818245,5.267840197,-0.031831758
riparian,electrical_conductivity,1,forest disturbance,0.15 (0.19),3.729716265,10.18818245,5.267840197,-0.031831758
riparian,electrical_conductivity,1,wetted width,-0.08 (0.17),3.729716265,10.18818245,5.267840197,-0.031831758
riparian,electrical_conductivity,1,% wetland,-0.14 (0.18),3.729716265,10.18818245,5.267840197,-0.031831758
riparian,electrical_conductivity,2,intercept,0.1 (0.09),8.585372831,0.476869322,-4.443472934,0.270573729
riparian,electrical_conductivity,2,road density,0.42 (0.13),8.585372831,0.476869322,-4.443472934,0.270573729
riparian,electrical_conductivity,2,wetted width,-0.02 (0.14),8.585372831,0.476869322,-4.443472934,0.270573729
riparian,electrical_conductivity,2,% wetland,-0.13 (0.14),8.585372831,0.476869322,-4.443472934,0.270573729
riparian,electrical_conductivity,3,intercept,0.15 (0.09),5.816876152,6.01386268,1.093520424,0.111079275
riparian,electrical_conductivity,3,human impact,0.31 (0.14),5.816876152,6.01386268,1.093520424,0.111079275
riparian,electrical_conductivity,3,wetted width,-0.05 (0.16),5.816876152,6.01386268,1.093520424,0.111079275
riparian,electrical_conductivity,3,% wetland,-0.12 (0.16),5.816876152,6.01386268,1.093520424,0.111079275
riparian,electrical_conductivity,4,intercept,0.04 (0.09),10.46017113,0,-4.920342256,0.334256976
riparian,electrical_conductivity,4,road density,0.38 (0.13),10.46017113,0,-4.920342256,0.334256976
riparian,electrical_conductivity,4,human impact,0.23 (0.13),10.46017113,0,-4.920342256,0.334256976
riparian,electrical_conductivity,4,wetted width,-0.02 (0.14),10.46017113,0,-4.920342256,0.334256976
riparian,electrical_conductivity,4,% wetland,-0.09 (0.14),10.46017113,0,-4.920342256,0.334256976
riparian,electrical_conductivity,5,intercept,0.13 (0.1),8.977281002,2.965780252,-1.954562004,0.259871019
riparian,electrical_conductivity,5,forest disturbance,-0.15 (0.19),8.977281002,2.965780252,-1.954562004,0.259871019
riparian,electrical_conductivity,5,road density,0.48 (0.15),8.977281002,2.965780252,-1.954562004,0.259871019
riparian,electrical_conductivity,5,wetted width,0 (0.15),8.977281002,2.965780252,-1.954562004,0.259871019
riparian,electrical_conductivity,5,% wetland,-0.17 (0.15),8.977281002,2.965780252,-1.954562004,0.259871019
riparian,electrical_conductivity,6,intercept,0.04 (0.12),6.872787113,7.174768029,2.254425774,0.139816739
riparian,electrical_conductivity,6,forest disturbance,0.24 (0.18),6.872787113,7.174768029,2.254425774,0.139816739
riparian,electrical_conductivity,6,human impact,0.35 (0.14),6.872787113,7.174768029,2.254425774,0.139816739
riparian,electrical_conductivity,6,wetted width,-0.07 (0.16),6.872787113,7.174768029,2.254425774,0.139816739
riparian,electrical_conductivity,6,% wetland,-0.03 (0.17),6.872787113,7.174768029,2.254425774,0.139816739
riparian,electrical_conductivity,7,intercept,0.05 (0.11),10.48626949,3.54780327,-1.372538985,0.30529219
riparian,electrical_conductivity,7,forest disturbance,-0.04 (0.19),10.48626949,3.54780327,-1.372538985,0.30529219
riparian,electrical_conductivity,7,road density,0.39 (0.15),10.48626949,3.54780327,-1.372538985,0.30529219
riparian,electrical_conductivity,7,human impact,0.22 (0.14),10.48626949,3.54780327,-1.372538985,0.30529219
riparian,electrical_conductivity,7,wetted width,-0.01 (0.14),10.48626949,3.54780327,-1.372538985,0.30529219
riparian,electrical_conductivity,7,% wetland,-0.1 (0.16),10.48626949,3.54780327,-1.372538985,0.30529219
riparian,electrical_conductivity,8,intercept,0.21 (0.17),3.419256018,14.08183022,9.161487963,-0.100837193
riparian,electrical_conductivity,8,wetted width,-0.04 (0.21),3.419256018,14.08183022,9.161487963,-0.100837193
riparian,electrical_conductivity,8,canopy,0.05 (0.17),3.419256018,14.08183022,9.161487963,-0.100837193
riparian,electrical_conductivity,8,% wetland,-0.18 (0.19),3.419256018,14.08183022,9.161487963,-0.100837193
riparian,electrical_conductivity,8,% lake,0 (0.18),3.419256018,14.08183022,9.161487963,-0.100837193
riparian,embeddedness,null,intercept,0.57 (0.05),-1.627642698,0,7.735285396,0
riparian,embeddedness,1,intercept,0.35 (0.15),1.37951164,2.232964052,9.968249448,0.09245643
riparian,embeddedness,1,forest disturbance,0.12 (0.19),1.37951164,2.232964052,9.968249448,0.09245643
riparian,embeddedness,1,substrate size,0.18 (0.23),1.37951164,2.232964052,9.968249448,0.09245643
riparian,embeddedness,1,% lake,0.41 (0.18),1.37951164,2.232964052,9.968249448,0.09245643
riparian,embeddedness,2,intercept,0.41 (0.15),1.279736077,2.432515178,10.16780057,0.085965422
riparian,embeddedness,2,road density,-0.08 (0.17),1.279736077,2.432515178,10.16780057,0.085965422
riparian,embeddedness,2,substrate size,0.19 (0.23),1.279736077,2.432515178,10.16780057,0.085965422
riparian,embeddedness,2,% lake,0.43 (0.18),1.279736077,2.432515178,10.16780057,0.085965422
riparian,embeddedness,3,intercept,0.38 (0.15),1.192456726,2.607073879,10.34235928,0.080249312
riparian,embeddedness,3,human impact,0.04 (0.17),1.192456726,2.607073879,10.34235928,0.080249312
riparian,embeddedness,3,substrate size,0.2 (0.23),1.192456726,2.607073879,10.34235928,0.080249312
riparian,embeddedness,3,% lake,0.43 (0.19),1.192456726,2.607073879,10.34235928,0.080249312
riparian,embeddedness,4,intercept,0.4 (0.16),1.362145332,5.540423941,13.27570934,0.051822576
riparian,embeddedness,4,road density,-0.09 (0.18),1.362145332,5.540423941,13.27570934,0.051822576
riparian,embeddedness,4,human impact,0.07 (0.18),1.362145332,5.540423941,13.27570934,0.051822576
riparian,embeddedness,4,substrate size,0.19 (0.24),1.362145332,5.540423941,13.27570934,0.051822576
riparian,embeddedness,4,% lake,0.44 (0.19),1.362145332,5.540423941,13.27570934,0.051822576
riparian,embeddedness,5,intercept,0.37 (0.16),1.859710867,4.545292869,12.28057827,0.084929377
riparian,embeddedness,5,forest disturbance,0.22 (0.23),1.859710867,4.545292869,12.28057827,0.084929377
riparian,embeddedness,5,road density,-0.17 (0.19),1.859710867,4.545292869,12.28057827,0.084929377
riparian,embeddedness,5,substrate size,0.15 (0.23),1.859710867,4.545292869,12.28057827,0.084929377
riparian,embeddedness,5,% lake,0.44 (0.18),1.859710867,4.545292869,12.28057827,0.084929377
riparian,embeddedness,6,intercept,0.33 (0.17),1.440816906,5.383080792,13.11836619,0.05713582
riparian,embeddedness,6,forest disturbance,0.13 (0.2),1.440816906,5.383080792,13.11836619,0.05713582
riparian,embeddedness,6,human impact,0.06 (0.17),1.440816906,5.383080792,13.11836619,0.05713582
riparian,embeddedness,6,substrate size,0.18 (0.24),1.440816906,5.383080792,13.11836619,0.05713582
riparian,embeddedness,6,% lake,0.43 (0.19),1.440816906,5.383080792,13.11836619,0.05713582
riparian,embeddedness,7,intercept,0.34 (0.17),2.190477993,7.483758619,15.21904401,0.065672719
riparian,embeddedness,7,forest disturbance,0.28 (0.24),2.190477993,7.483758619,15.21904401,0.065672719
riparian,embeddedness,7,road density,-0.23 (0.21),2.190477993,7.483758619,15.21904401,0.065672719
riparian,embeddedness,7,human impact,0.14 (0.19),2.190477993,7.483758619,15.21904401,0.065672719
riparian,embeddedness,7,substrate size,0.14 (0.24),2.190477993,7.483758619,15.21904401,0.065672719
riparian,embeddedness,7,% lake,0.48 (0.19),2.190477993,7.483758619,15.21904401,0.065672719
riparian,embeddedness,8,intercept,0.48 (0.16),1.910473575,4.443767454,12.17905285,0.088241331
riparian,embeddedness,8,wetted width,-0.19 (0.2),1.910473575,4.443767454,12.17905285,0.088241331
riparian,embeddedness,8,substrate size,0.28 (0.24),1.910473575,4.443767454,12.17905285,0.088241331
riparian,embeddedness,8,% lake,0.38 (0.19),1.910473575,4.443767454,12.17905285,0.088241331
riparian,embeddedness,8,flow,-0.17 (0.21),1.910473575,4.443767454,12.17905285,0.088241331
riparian,total dissolved solids,null,intercept,0.18 (0.04),2.548005539,6.198086891,-0.616011078,0
riparian,total dissolved solids,1,intercept,0.31 (0.14),5.524460344,8.492450009,1.67835204,0.090464163
riparian,total dissolved solids,1,forest disturbance,0.17 (0.17),5.524460344,8.492450009,1.67835204,0.090464163
riparian,total dissolved solids,1,substrate size,-0.25 (0.2),5.524460344,8.492450009,1.67835204,0.090464163
riparian,total dissolved solids,1,% barren,-0.24 (0.13),5.524460344,8.492450009,1.67835204,0.090464163
riparian,total dissolved solids,2,intercept,0.19 (0.12),9.415908961,0.709552775,-6.104545194,0.311184274
riparian,total dissolved solids,2,road density,0.38 (0.13),9.415908961,0.709552775,-6.104545194,0.311184274
riparian,total dissolved solids,2,substrate size,-0.15 (0.18),9.415908961,0.709552775,-6.104545194,0.311184274
riparian,total dissolved solids,2,% barren,-0.17 (0.11),9.415908961,0.709552775,-6.104545194,0.311184274
riparian,total dissolved solids,3,intercept,0.29 (0.12),7.490364508,4.560641681,-2.253456288,0.209620924
riparian,total dissolved solids,3,human impact,0.29 (0.13),7.490364508,4.560641681,-2.253456288,0.209620924
riparian,total dissolved solids,3,substrate size,-0.23 (0.19),7.490364508,4.560641681,-2.253456288,0.209620924
riparian,total dissolved solids,3,% barren,-0.21 (0.12),7.490364508,4.560641681,-2.253456288,0.209620924
riparian,total dissolved solids,4,intercept,0.15 (0.12),11.40704898,0,-6.814097969,0.376524724
riparian,total dissolved solids,4,road density,0.34 (0.12),11.40704898,0,-6.814097969,0.376524724
riparian,total dissolved solids,4,human impact,0.23 (0.12),11.40704898,0,-6.814097969,0.376524724
riparian,total dissolved solids,4,substrate size,-0.16 (0.17),11.40704898,0,-6.814097969,0.376524724
riparian,total dissolved solids,4,% barren,-0.14 (0.11),11.40704898,0,-6.814097969,0.376524724
riparian,total dissolved solids,5,intercept,0.2 (0.13),9.518486668,3.777124632,-3.036973336,0.286482888
riparian,total dissolved solids,5,forest disturbance,-0.07 (0.17),9.518486668,3.777124632,-3.036973336,0.286482888
riparian,total dissolved solids,5,road density,0.41 (0.15),9.518486668,3.777124632,-3.036973336,0.286482888
riparian,total dissolved solids,5,substrate size,-0.14 (0.18),9.518486668,3.777124632,-3.036973336,0.286482888
riparian,total dissolved solids,5,% barren,-0.17 (0.12),9.518486668,3.777124632,-3.036973336,0.286482888
riparian,total dissolved solids,6,intercept,0.2 (0.14),8.710998792,5.392100385,-1.421997583,0.244118872
riparian,total dissolved solids,6,forest disturbance,0.23 (0.16),8.710998792,5.392100385,-1.421997583,0.244118872
riparian,total dissolved solids,6,human impact,0.32 (0.13),8.710998792,5.392100385,-1.421997583,0.244118872
riparian,total dissolved solids,6,substrate size,-0.25 (0.18),8.710998792,5.392100385,-1.421997583,0.244118872
riparian,total dissolved solids,6,% barren,-0.18 (0.12),8.710998792,5.392100385,-1.421997583,0.244118872
riparian,total dissolved solids,7,intercept,0.15 (0.13),11.41705299,3.579991985,-3.234105984,0.348650541
riparian,total dissolved solids,7,forest disturbance,0.02 (0.17),11.41705299,3.579991985,-3.234105984,0.348650541
riparian,total dissolved solids,7,road density,0.33 (0.15),11.41705299,3.579991985,-3.234105984,0.348650541
riparian,total dissolved solids,7,human impact,0.23 (0.13),11.41705299,3.579991985,-3.234105984,0.348650541
riparian,total dissolved solids,7,substrate size,-0.17 (0.17),11.41705299,3.579991985,-3.234105984,0.348650541
riparian,total dissolved solids,7,% barren,-0.14 (0.11),11.41705299,3.579991985,-3.234105984,0.348650541
riparian,total dissolved solids,8,intercept,0.36 (0.14),5.089643309,12.63481135,5.820713381,0.020979704
riparian,total dissolved solids,8,wetted width,-0.02 (0.17),5.089643309,12.63481135,5.820713381,0.020979704
riparian,total dissolved solids,8,substrate size,-0.21 (0.22),5.089643309,12.63481135,5.820713381,0.020979704
riparian,total dissolved solids,8,% barren,-0.26 (0.13),5.089643309,12.63481135,5.820713381,0.020979704
riparian,total dissolved solids,8,% lake,0.07 (0.17),5.089643309,12.63481135,5.820713381,0.020979704
local,invertebrate biomass,null,intercept,0.25 (0.05),0.271630457,11.73631921,3.936739086,0
local,invertebrate biomass,1,intercept,0.47 (0.13),4.788960621,10.94893161,3.149351486,0.185257694
local,invertebrate biomass,1,forest disturbance,-0.1 (0.16),4.788960621,10.94893161,3.149351486,0.185257694
local,invertebrate biomass,1,wetted width,-0.47 (0.17),4.788960621,10.94893161,3.149351486,0.185257694
local,invertebrate biomass,1,substrate size,0.04 (0.21),4.788960621,10.94893161,3.149351486,0.185257694
local,invertebrate biomass,2,intercept,0.29 (0.12),8.670815563,3.185221721,-4.614358399,0.382550971
local,invertebrate biomass,2,road density,0.47 (0.16),8.670815563,3.185221721,-4.614358399,0.382550971
local,invertebrate biomass,2,wetted width,-0.35 (0.15),8.670815563,3.185221721,-4.614358399,0.382550971
local,invertebrate biomass,2,substrate size,0.03 (0.18),8.670815563,3.185221721,-4.614358399,0.382550971
local,invertebrate biomass,3,intercept,0.47 (0.13),5.086091266,10.35467032,2.555090196,0.202367267
local,invertebrate biomass,3,human impact,-0.11 (0.12),5.086091266,10.35467032,2.555090196,0.202367267
local,invertebrate biomass,3,wetted width,-0.53 (0.17),5.086091266,10.35467032,2.555090196,0.202367267
local,invertebrate biomass,3,substrate size,0.08 (0.21),5.086091266,10.35467032,2.555090196,0.202367267
local,invertebrate biomass,4,intercept,0.34 (0.11),11.89979006,0,-7.79958012,0.488414309
local,invertebrate biomass,4,road density,0.61 (0.16),11.89979006,0,-7.79958012,0.488414309
local,invertebrate biomass,4,human impact,-0.25 (0.1),11.89979006,0,-7.79958012,0.488414309
local,invertebrate biomass,4,wetted width,-0.4 (0.14),11.89979006,0,-7.79958012,0.488414309
local,invertebrate biomass,4,substrate size,0.14 (0.17),11.89979006,0,-7.79958012,0.488414309
local,invertebrate biomass,5,intercept,0.34 (0.12),9.577252445,4.645075229,-3.15450489,0.396098778
local,invertebrate biomass,5,forest disturbance,-0.18 (0.14),9.577252445,4.645075229,-3.15450489,0.396098778
local,invertebrate biomass,5,road density,0.51 (0.17),9.577252445,4.645075229,-3.15450489,0.396098778
local,invertebrate biomass,5,wetted width,-0.31 (0.15),9.577252445,4.645075229,-3.15450489,0.396098778
local,invertebrate biomass,5,substrate size,0.05 (0.18),9.577252445,4.645075229,-3.15450489,0.396098778
local,invertebrate biomass,6,intercept,0.48 (0.14),5.12782671,13.5439267,5.74434658,0.170165098
local,invertebrate biomass,6,forest disturbance,-0.05 (0.18),5.12782671,13.5439267,5.74434658,0.170165098
local,invertebrate biomass,6,human impact,-0.1 (0.13),5.12782671,13.5439267,5.74434658,0.170165098
local,invertebrate biomass,6,wetted width,-0.51 (0.18),5.12782671,13.5439267,5.74434658,0.170165098
local,invertebrate biomass,6,substrate size,0.08 (0.21),5.12782671,13.5439267,5.74434658,0.170165098
local,invertebrate biomass,7,intercept,0.36 (0.11),12.03958042,3.32041928,-4.47916084,0.470474228
local,invertebrate biomass,7,forest disturbance,-0.07 (0.14),12.03958042,3.32041928,-4.47916084,0.470474228
local,invertebrate biomass,7,road density,0.61 (0.16),12.03958042,3.32041928,-4.47916084,0.470474228
local,invertebrate biomass,7,human impact,-0.23 (0.11),12.03958042,3.32041928,-4.47916084,0.470474228
local,invertebrate biomass,7,wetted width,-0.38 (0.15),12.03958042,3.32041928,-4.47916084,0.470474228
local,invertebrate biomass,7,substrate size,0.13 (0.17),12.03958042,3.32041928,-4.47916084,0.470474228
local,invertebrate biomass,8,intercept,0.35 (0.16),4.95644781,13.8866845,6.087104379,0.159944368
local,invertebrate biomass,8,wetted width,-0.39 (0.2),4.95644781,13.8866845,6.087104379,0.159944368
local,invertebrate biomass,8,substrate size,0 (0.22),4.95644781,13.8866845,6.087104379,0.159944368
local,invertebrate biomass,8,canopy,0.11 (0.15),4.95644781,13.8866845,6.087104379,0.159944368
local,invertebrate biomass,8,flow,0.04 (0.18),4.95644781,13.8866845,6.087104379,0.159944368
local,EPT index,null,intercept,0.43 (0.05),-2.331118156,0,9.142236311,0
local,EPT index,1,intercept,0.08 (0.15),1.563356801,0.458322814,9.600559126,0.148191674
local,EPT index,1,forest disturbance,0.4 (0.18),1.563356801,0.458322814,9.600559126,0.148191674
local,EPT index,1,wetted width,0.12 (0.19),1.563356801,0.458322814,9.600559126,0.148191674
local,EPT index,1,substrate size,0.22 (0.23),1.563356801,0.458322814,9.600559126,0.148191674
local,EPT index,2,intercept,0.17 (0.16),-0.672666251,4.930368918,14.07260523,0.000677585
local,EPT index,2,road density,0.18 (0.23),-0.672666251,4.930368918,14.07260523,0.000677585
local,EPT index,2,wetted width,0.22 (0.21),-0.672666251,4.930368918,14.07260523,0.000677585
local,EPT index,2,substrate size,0.26 (0.25),-0.672666251,4.930368918,14.07260523,0.000677585
local,EPT index,3,intercept,0.18 (0.15),-0.539000586,4.663037588,13.8052739,0.010173261
local,EPT index,3,human impact,0.13 (0.14),-0.539000586,4.663037588,13.8052739,0.010173261
local,EPT index,3,wetted width,0.22 (0.21),-0.539000586,4.663037588,13.8052739,0.010173261
local,EPT index,3,substrate size,0.21 (0.26),-0.539000586,4.663037588,13.8052739,0.010173261
local,EPT index,4,intercept,0.15 (0.17),-0.395426267,7.648616223,16.79085253,-0.022324487
local,EPT index,4,road density,0.12 (0.25),-0.395426267,7.648616223,16.79085253,-0.022324487
local,EPT index,4,human impact,0.11 (0.16),-0.395426267,7.648616223,16.79085253,-0.022324487
local,EPT index,4,wetted width,0.24 (0.22),-0.395426267,7.648616223,16.79085253,-0.022324487
local,EPT index,4,substrate size,0.22 (0.26),-0.395426267,7.648616223,16.79085253,-0.022324487
local,EPT index,5,intercept,0.06 (0.16),1.693836878,3.470089932,12.61232624,0.119402072
local,EPT index,5,forest disturbance,0.39 (0.19),1.693836878,3.470089932,12.61232624,0.119402072
local,EPT index,5,road density,0.1 (0.22),1.693836878,3.470089932,12.61232624,0.119402072
local,EPT index,5,wetted width,0.15 (0.2),1.693836878,3.470089932,12.61232624,0.119402072
local,EPT index,5,substrate size,0.22 (0.24),1.693836878,3.470089932,12.61232624,0.119402072
local,EPT index,6,intercept,0.08 (0.15),1.571048211,3.715667266,12.85790358,0.111644714
local,EPT index,6,forest disturbance,0.39 (0.2),1.571048211,3.715667266,12.85790358,0.111644714
local,EPT index,6,human impact,0.02 (0.15),1.571048211,3.715667266,12.85790358,0.111644714
local,EPT index,6,wetted width,0.13 (0.2),1.571048211,3.715667266,12.85790358,0.111644714
local,EPT index,6,substrate size,0.21 (0.24),1.571048211,3.715667266,12.85790358,0.111644714
local,EPT index,7,intercept,0.06 (0.16),1.694491233,7.068781222,16.21101753,0.079417922
local,EPT index,7,forest disturbance,0.39 (0.21),1.694491233,7.068781222,16.21101753,0.079417922
local,EPT index,7,road density,0.1 (0.24),1.694491233,7.068781222,16.21101753,0.079417922
local,EPT index,7,human impact,-0.01 (0.16),1.694491233,7.068781222,16.21101753,0.079417922
local,EPT index,7,wetted width,0.15 (0.21),1.694491233,7.068781222,16.21101753,0.079417922
local,EPT index,7,substrate size,0.22 (0.25),1.694491233,7.068781222,16.21101753,0.079417922
local,EPT index,8,intercept,0.19 (0.2),-0.778069629,8.413902946,17.55613926,-0.050651673
local,EPT index,8,wetted width,0.21 (0.25),-0.778069629,8.413902946,17.55613926,-0.050651673
local,EPT index,8,substrate size,0.27 (0.27),-0.778069629,8.413902946,17.55613926,-0.050651673
local,EPT index,8,canopy,0.1 (0.19),-0.778069629,8.413902946,17.55613926,-0.050651673
local,EPT index,8,flow,-0.1 (0.22),-0.778069629,8.413902946,17.55613926,-0.050651673
local,periphyton biomass,null,intercept,0.2 (0.04),5.935291373,0,-7.390582747,0
local,periphyton biomass,1,intercept,-0.01 (0.14),9.638546287,0.8407629,-6.549819847,0.136477368
local,periphyton biomass,1,forest disturbance,-0.08 (0.14),9.638546287,0.8407629,-6.549819847,0.136477368
local,periphyton biomass,1,wetted width,0.42 (0.16),9.638546287,0.8407629,-6.549819847,0.136477368
local,periphyton biomass,1,canopy,0.16 (0.13),9.638546287,0.8407629,-6.549819847,0.136477368
local,periphyton biomass,2,intercept,-0.05 (0.12),9.465617251,1.186620972,-6.203961775,0.125744925
local,periphyton biomass,2,road density,-0.01 (0.16),9.465617251,1.186620972,-6.203961775,0.125744925
local,periphyton biomass,2,wetted width,0.42 (0.16),9.465617251,1.186620972,-6.203961775,0.125744925
local,periphyton biomass,2,canopy,0.18 (0.13),9.465617251,1.186620972,-6.203961775,0.125744925
local,periphyton biomass,3,intercept,-0.04 (0.13),9.48212587,1.153603734,-6.236979013,0.126775228
local,periphyton biomass,3,human impact,-0.02 (0.1),9.48212587,1.153603734,-6.236979013,0.126775228
local,periphyton biomass,3,wetted width,0.41 (0.16),9.48212587,1.153603734,-6.236979013,0.126775228
local,periphyton biomass,3,canopy,0.18 (0.13),9.48212587,1.153603734,-6.236979013,0.126775228
local,periphyton biomass,4,intercept,-0.04 (0.13),9.482379041,4.425824665,-2.964758082,0.088825411
local,periphyton biomass,4,road density,0 (0.18),9.482379041,4.425824665,-2.964758082,0.088825411
local,periphyton biomass,4,human impact,-0.02 (0.11),9.482379041,4.425824665,-2.964758082,0.088825411
local,periphyton biomass,4,wetted width,0.41 (0.17),9.482379041,4.425824665,-2.964758082,0.088825411
local,periphyton biomass,4,canopy,0.18 (0.13),9.482379041,4.425824665,-2.964758082,0.088825411
local,periphyton biomass,5,intercept,-0.01 (0.14),9.639392483,4.111797781,-3.278784966,0.098987367
local,periphyton biomass,5,forest disturbance,-0.08 (0.15),9.639392483,4.111797781,-3.278784966,0.098987367
local,periphyton biomass,5,road density,0.01 (0.17),9.639392483,4.111797781,-3.278784966,0.098987367
local,periphyton biomass,5,wetted width,0.42 (0.17),9.639392483,4.111797781,-3.278784966,0.098987367
local,periphyton biomass,5,canopy,0.16 (0.14),9.639392483,4.111797781,-3.278784966,0.098987367
local,periphyton biomass,6,intercept,-0.01 (0.14),9.6392731,4.112036548,-3.278546199,0.098979684
local,periphyton biomass,6,forest disturbance,-0.08 (0.16),9.6392731,4.112036548,-3.278546199,0.098979684
local,periphyton biomass,6,human impact,0 (0.11),9.6392731,4.112036548,-3.278546199,0.098979684
local,periphyton biomass,6,wetted width,0.42 (0.17),9.6392731,4.112036548,-3.278546199,0.098979684
local,periphyton biomass,6,canopy,0.16 (0.13),9.6392731,4.112036548,-3.278546199,0.098979684
local,periphyton biomass,7,intercept,-0.01 (0.15),9.639755784,7.711071179,0.320488432,0.058056691
local,periphyton biomass,7,forest disturbance,-0.08 (0.16),9.639755784,7.711071179,0.320488432,0.058056691
local,periphyton biomass,7,road density,0.01 (0.18),9.639755784,7.711071179,0.320488432,0.058056691
local,periphyton biomass,7,human impact,0 (0.12),9.639755784,7.711071179,0.320488432,0.058056691
local,periphyton biomass,7,wetted width,0.42 (0.17),9.639755784,7.711071179,0.320488432,0.058056691
local,periphyton biomass,7,canopy,0.16 (0.14),9.639755784,7.711071179,0.320488432,0.058056691
local,periphyton biomass,8,intercept,-0.07 (0.15),9.914399578,3.561783591,-3.828799156,0.116513586
local,periphyton biomass,8,wetted width,0.5 (0.19),9.914399578,3.561783591,-3.828799156,0.116513586
local,periphyton biomass,8,% wetland,0.12 (0.18),9.914399578,3.561783591,-3.828799156,0.116513586
local,periphyton biomass,8,substrate size,-0.13 (0.18),9.914399578,3.561783591,-3.828799156,0.116513586
local,periphyton biomass,8,canopy,0.25 (0.16),9.914399578,3.561783591,-3.828799156,0.116513586
local,% shredders,null,intercept,0.28 (0.05),-1.207543742,12.51131369,6.895087485,0
local,% shredders,1,intercept,0.76 (0.13),5.92624338,6.491012169,0.874785967,0.32414261
local,% shredders,1,forest disturbance,-0.2 (0.16),5.92624338,6.491012169,0.874785967,0.32414261
local,% shredders,1,wetted width,-0.16 (0.16),5.92624338,6.491012169,0.874785967,0.32414261
local,% shredders,1,substrate size,-0.61 (0.2),5.92624338,6.491012169,0.874785967,0.32414261
local,% shredders,2,intercept,0.67 (0.13),5.088282834,8.166933261,2.550707059,0.28245446
local,% shredders,2,road density,0.08 (0.19),5.088282834,8.166933261,2.550707059,0.28245446
local,% shredders,2,wetted width,-0.16 (0.17),5.088282834,8.166933261,2.550707059,0.28245446
local,% shredders,2,substrate size,-0.63 (0.2),5.088282834,8.166933261,2.550707059,0.28245446
local,% shredders,3,intercept,0.79 (0.11),9.171749465,0,-5.616226202,0.463986028
local,% shredders,3,human impact,-0.29 (0.1),9.171749465,0,-5.616226202,0.463986028
local,% shredders,3,wetted width,-0.3 (0.15),9.171749465,0,-5.616226202,0.463986028
local,% shredders,3,substrate size,-0.5 (0.18),9.171749465,0,-5.616226202,0.463986028
local,% shredders,4,intercept,0.73 (0.11),10.72202723,0.17217175,-5.444054452,0.499310716
local,% shredders,4,road density,0.27 (0.17),10.72202723,0.17217175,-5.444054452,0.499310716
local,% shredders,4,human impact,-0.35 (0.1),10.72202723,0.17217175,-5.444054452,0.499310716
local,% shredders,4,wetted width,-0.24 (0.15),10.72202723,0.17217175,-5.444054452,0.499310716
local,% shredders,4,substrate size,-0.48 (0.18),10.72202723,0.17217175,-5.444054452,0.499310716
local,% shredders,5,intercept,0.73 (0.14),6.17990519,9.256415822,3.640189621,0.307420519
local,% shredders,5,forest disturbance,-0.22 (0.16),6.17990519,9.256415822,3.640189621,0.307420519
local,% shredders,5,road density,0.12 (0.19),6.17990519,9.256415822,3.640189621,0.307420519
local,% shredders,5,wetted width,-0.12 (0.17),6.17990519,9.256415822,3.640189621,0.307420519
local,% shredders,5,substrate size,-0.61 (0.2),6.17990519,9.256415822,3.640189621,0.307420519
local,% shredders,6,intercept,0.81 (0.12),9.228529571,3.159167059,-2.457059143,0.442944921
local,% shredders,6,forest disturbance,-0.05 (0.15),9.228529571,3.159167059,-2.457059143,0.442944921
local,% shredders,6,human impact,-0.28 (0.11),9.228529571,3.159167059,-2.457059143,0.442944921
local,% shredders,6,wetted width,-0.29 (0.16),9.228529571,3.159167059,-2.457059143,0.442944921
local,% shredders,6,substrate size,-0.5 (0.19),9.228529571,3.159167059,-2.457059143,0.442944921
local,% shredders,7,intercept,0.75 (0.12),10.81252741,3.591171391,-2.02505481,0.479924922
local,% shredders,7,forest disturbance,-0.06 (0.15),10.81252741,3.591171391,-2.02505481,0.479924922
local,% shredders,7,road density,0.28 (0.17),10.81252741,3.591171391,-2.02505481,0.479924922
local,% shredders,7,human impact,-0.34 (0.12),10.81252741,3.591171391,-2.02505481,0.479924922
local,% shredders,7,wetted width,-0.23 (0.15),10.81252741,3.591171391,-2.02505481,0.479924922
local,% shredders,7,substrate size,-0.48 (0.18),10.81252741,3.591171391,-2.02505481,0.479924922
local,% shredders,8,intercept,0.8 (0.15),6.100144881,9.41593644,3.799710238,0.303463518
local,% shredders,8,canopy,-0.1 (0.15),6.100144881,9.41593644,3.799710238,0.303463518
local,% shredders,8,flow,-0.2 (0.18),6.100144881,9.41593644,3.799710238,0.303463518
local,% shredders,8,wetted width,-0.3 (0.2),6.100144881,9.41593644,3.799710238,0.303463518
local,% shredders,8,substrate size,-0.55 (0.21),6.100144881,9.41593644,3.799710238,0.303463518
local,total nitrogen,null,intercept,0.25 (0.04),1.75370538,0,0.972589241,0
local,total nitrogen,1,intercept,0.38 (0.11),2.861216051,6.032251385,7.004840626,-0.039432749
local,total nitrogen,1,forest disturbance,-0.06 (0.17),2.861216051,6.032251385,7.004840626,-0.039432749
local,total nitrogen,1,wetted width,-0.2 (0.17),2.861216051,6.032251385,7.004840626,-0.039432749
local,total nitrogen,1,% wetland,-0.12 (0.18),2.861216051,6.032251385,7.004840626,-0.039432749
local,total nitrogen,2,intercept,0.46 (0.12),3.730687058,4.293309371,5.265898612,0.023157591
local,total nitrogen,2,road density,-0.27 (0.21),3.730687058,4.293309371,5.265898612,0.023157591
local,total nitrogen,2,wetted width,-0.29 (0.18),3.730687058,4.293309371,5.265898612,0.023157591
local,total nitrogen,2,% wetland,-0.22 (0.19),3.730687058,4.293309371,5.265898612,0.023157591
local,total nitrogen,3,intercept,0.34 (0.12),2.826487028,6.10170943,7.074298671,-0.042014413
local,total nitrogen,3,human impact,0.03 (0.12),2.826487028,6.10170943,7.074298671,-0.042014413
local,total nitrogen,3,wetted width,-0.2 (0.18),2.826487028,6.10170943,7.074298671,-0.042014413
local,total nitrogen,3,% wetland,-0.12 (0.18),2.826487028,6.10170943,7.074298671,-0.042014413
local,total nitrogen,4,intercept,0.42 (0.13),4.000884774,7.025641212,7.998230453,0.000170149
local,total nitrogen,4,road density,-0.32 (0.23),4.000884774,7.025641212,7.998230453,0.000170149
local,total nitrogen,4,human impact,0.09 (0.13),4.000884774,7.025641212,7.998230453,0.000170149
local,total nitrogen,4,wetted width,-0.27 (0.18),4.000884774,7.025641212,7.998230453,0.000170149
local,total nitrogen,4,% wetland,-0.22 (0.19),4.000884774,7.025641212,7.998230453,0.000170149
local,total nitrogen,5,intercept,0.46 (0.13),3.731682672,7.564045416,8.536634657,-0.019241331
local,total nitrogen,5,forest disturbance,-0.01 (0.18),3.731682672,7.564045416,8.536634657,-0.019241331
local,total nitrogen,5,road density,-0.27 (0.22),3.731682672,7.564045416,8.536634657,-0.019241331
local,total nitrogen,5,wetted width,-0.28 (0.19),3.731682672,7.564045416,8.536634657,-0.019241331
local,total nitrogen,5,% wetland,-0.22 (0.2),3.731682672,7.564045416,8.536634657,-0.019241331
local,total nitrogen,6,intercept,0.36 (0.12),2.95844423,9.110522299,10.08311154,-0.07711899
local,total nitrogen,6,forest disturbance,-0.09 (0.2),2.95844423,9.110522299,10.08311154,-0.07711899
local,total nitrogen,6,human impact,0.06 (0.14),2.95844423,9.110522299,10.08311154,-0.07711899
local,total nitrogen,6,wetted width,-0.17 (0.19),2.95844423,9.110522299,10.08311154,-0.07711899
local,total nitrogen,6,% wetland,-0.11 (0.19),2.95844423,9.110522299,10.08311154,-0.07711899
local,total nitrogen,7,intercept,0.43 (0.13),4.064744026,10.49792271,11.47051195,-0.040519621
local,total nitrogen,7,forest disturbance,-0.06 (0.19),4.064744026,10.49792271,11.47051195,-0.040519621
local,total nitrogen,7,road density,-0.31 (0.23),4.064744026,10.49792271,11.47051195,-0.040519621
local,total nitrogen,7,human impact,0.1 (0.14),4.064744026,10.49792271,11.47051195,-0.040519621
local,total nitrogen,7,wetted width,-0.26 (0.19),4.064744026,10.49792271,11.47051195,-0.040519621
local,total nitrogen,7,% wetland,-0.21 (0.2),4.064744026,10.49792271,11.47051195,-0.040519621
local,total nitrogen,8,intercept,0.28 (0.19),3.049710839,8.927989081,9.900578322,-0.070120043
local,total nitrogen,8,wetted width,-0.16 (0.22),3.049710839,8.927989081,9.900578322,-0.070120043
local,total nitrogen,8,canopy,0.09 (0.2),3.049710839,8.927989081,9.900578322,-0.070120043
local,total nitrogen,8,% lake,0.11 (0.21),3.049710839,8.927989081,9.900578322,-0.070120043
local,total nitrogen,8,% wetland,-0.07 (0.22),3.049710839,8.927989081,9.900578322,-0.070120043
local,electrical_conductivity,null,intercept,0.18 (0.04),2.519452563,0,-0.558905127,0
local,electrical_conductivity,1,intercept,0.19 (0.11),3.625323911,6.035530032,5.476624905,-0.039554468
local,electrical_conductivity,1,forest disturbance,0.15 (0.17),3.625323911,6.035530032,5.476624905,-0.039554468
local,electrical_conductivity,1,wetted width,-0.12 (0.17),3.625323911,6.035530032,5.476624905,-0.039554468
local,electrical_conductivity,1,% wetland,-0.18 (0.18),3.625323911,6.035530032,5.476624905,-0.039554468
local,electrical_conductivity,2,intercept,0.16 (0.12),3.890635231,5.504907392,4.946002266,-0.020039566
local,electrical_conductivity,2,road density,0.24 (0.21),3.890635231,5.504907392,4.946002266,-0.020039566
local,electrical_conductivity,2,wetted width,-0.03 (0.18),3.890635231,5.504907392,4.946002266,-0.020039566
local,electrical_conductivity,2,% wetland,-0.09 (0.19),3.890635231,5.504907392,4.946002266,-0.020039566
local,electrical_conductivity,3,intercept,0.17 (0.11),3.90634303,5.473491795,4.914586668,-0.018895738
local,electrical_conductivity,3,human impact,0.14 (0.12),3.90634303,5.473491795,4.914586668,-0.018895738
local,electrical_conductivity,3,wetted width,-0.06 (0.17),3.90634303,5.473491795,4.914586668,-0.018895738
local,electrical_conductivity,3,% wetland,-0.14 (0.18),3.90634303,5.473491795,4.914586668,-0.018895738
local,electrical_conductivity,4,intercept,0.12 (0.13),4.284610371,7.989684385,7.430779258,-0.034853581
local,electrical_conductivity,4,road density,0.18 (0.22),4.284610371,7.989684385,7.430779258,-0.034853581
local,electrical_conductivity,4,human impact,0.1 (0.13),4.284610371,7.989684385,7.430779258,-0.034853581
local,electrical_conductivity,4,wetted width,-0.02 (0.18),4.284610371,7.989684385,7.430779258,-0.034853581
local,electrical_conductivity,4,% wetland,-0.09 (0.19),4.284610371,7.989684385,7.430779258,-0.034853581
local,electrical_conductivity,5,intercept,0.13 (0.13),4.134529532,8.289846062,7.730940935,-0.046006949
local,electrical_conductivity,5,forest disturbance,0.11 (0.18),4.134529532,8.289846062,7.730940935,-0.046006949
local,electrical_conductivity,5,road density,0.2 (0.22),4.134529532,8.289846062,7.730940935,-0.046006949
local,electrical_conductivity,5,wetted width,-0.06 (0.18),4.134529532,8.289846062,7.730940935,-0.046006949
local,electrical_conductivity,5,% wetland,-0.11 (0.19),4.134529532,8.289846062,7.730940935,-0.046006949
local,electrical_conductivity,6,intercept,0.15 (0.12),4.023325814,8.512253498,7.953348371,-0.054348596
local,electrical_conductivity,6,forest disturbance,0.08 (0.19),4.023325814,8.512253498,7.953348371,-0.054348596
local,electrical_conductivity,6,human impact,0.11 (0.14),4.023325814,8.512253498,7.953348371,-0.054348596
local,electrical_conductivity,6,wetted width,-0.08 (0.18),4.023325814,8.512253498,7.953348371,-0.054348596
local,electrical_conductivity,6,% wetland,-0.15 (0.18),4.023325814,8.512253498,7.953348371,-0.054348596
local,electrical_conductivity,7,intercept,0.11 (0.13),4.361347631,11.43620987,10.87730474,-0.075978499
local,electrical_conductivity,7,forest disturbance,0.07 (0.19),4.361347631,11.43620987,10.87730474,-0.075978499
local,electrical_conductivity,7,road density,0.17 (0.23),4.361347631,11.43620987,10.87730474,-0.075978499
local,electrical_conductivity,7,human impact,0.08 (0.14),4.361347631,11.43620987,10.87730474,-0.075978499
local,electrical_conductivity,7,wetted width,-0.03 (0.19),4.361347631,11.43620987,10.87730474,-0.075978499
local,electrical_conductivity,7,% wetland,-0.1 (0.2),4.361347631,11.43620987,10.87730474,-0.075978499
local,electrical_conductivity,8,intercept,0.27 (0.19),3.559223812,9.440457504,8.881552377,-0.089886187
local,electrical_conductivity,8,wetted width,-0.1 (0.22),3.559223812,9.440457504,8.881552377,-0.089886187
local,electrical_conductivity,8,canopy,-0.03 (0.19),3.559223812,9.440457504,8.881552377,-0.089886187
local,electrical_conductivity,8,% wetland,-0.19 (0.22),3.559223812,9.440457504,8.881552377,-0.089886187
local,electrical_conductivity,8,% lake,-0.16 (0.21),3.559223812,9.440457504,8.881552377,-0.089886187
local,embeddedness,null,intercept,0.57 (0.05),-1.627642698,0,7.735285396,0
local,embeddedness,1,intercept,0.56 (0.14),1.710354912,1.571277508,9.306562904,0.113651766
local,embeddedness,1,forest disturbance,-0.09 (0.18),1.710354912,1.571277508,9.306562904,0.113651766
local,embeddedness,1,substrate size,0.15 (0.22),1.710354912,1.571277508,9.306562904,0.113651766
local,embeddedness,1,% lake,-0.52 (0.21),1.710354912,1.571277508,9.306562904,0.113651766
local,embeddedness,2,intercept,0.47 (0.13),2.418204205,0.155578923,7.890864318,0.157352054
local,embeddedness,2,road density,0.24 (0.2),2.418204205,0.155578923,7.890864318,0.157352054
local,embeddedness,2,substrate size,0.16 (0.22),2.418204205,0.155578923,7.890864318,0.157352054
local,embeddedness,2,% lake,-0.52 (0.21),2.418204205,0.155578923,7.890864318,0.157352054
local,embeddedness,3,intercept,0.54 (0.13),1.631935532,1.728116268,9.463401664,0.108673058
local,embeddedness,3,human impact,-0.04 (0.13),1.631935532,1.728116268,9.463401664,0.108673058
local,embeddedness,3,substrate size,0.15 (0.23),1.631935532,1.728116268,9.463401664,0.108673058
local,embeddedness,3,% lake,-0.51 (0.22),1.631935532,1.728116268,9.463401664,0.108673058
local,embeddedness,4,intercept,0.49 (0.13),2.903973111,2.456768382,10.19205378,0.150701185
local,embeddedness,4,road density,0.32 (0.22),2.903973111,2.456768382,10.19205378,0.150701185
local,embeddedness,4,human impact,-0.13 (0.14),2.903973111,2.456768382,10.19205378,0.150701185
local,embeddedness,4,substrate size,0.2 (0.22),2.903973111,2.456768382,10.19205378,0.150701185
local,embeddedness,4,% lake,-0.48 (0.21),2.903973111,2.456768382,10.19205378,0.150701185
local,embeddedness,5,intercept,0.51 (0.15),2.668661061,2.927392482,10.66267788,0.136305525
local,embeddedness,5,forest disturbance,-0.12 (0.18),2.668661061,2.927392482,10.66267788,0.136305525
local,embeddedness,5,road density,0.25 (0.2),2.668661061,2.927392482,10.66267788,0.136305525
local,embeddedness,5,substrate size,0.18 (0.22),2.668661061,2.927392482,10.66267788,0.136305525
local,embeddedness,5,% lake,-0.52 (0.21),2.668661061,2.927392482,10.66267788,0.136305525
local,embeddedness,6,intercept,0.56 (0.15),1.723005285,4.818704033,12.55398943,0.075950233
local,embeddedness,6,forest disturbance,-0.08 (0.2),1.723005285,4.818704033,12.55398943,0.075950233
local,embeddedness,6,human impact,-0.02 (0.14),1.723005285,4.818704033,12.55398943,0.075950233
local,embeddedness,6,substrate size,0.15 (0.23),1.723005285,4.818704033,12.55398943,0.075950233
local,embeddedness,6,% lake,-0.52 (0.22),1.723005285,4.818704033,12.55398943,0.075950233
local,embeddedness,7,intercept,0.51 (0.15),2.983889225,5.896936155,13.63222155,0.117150668
local,embeddedness,7,forest disturbance,-0.07 (0.19),2.983889225,5.896936155,13.63222155,0.117150668
local,embeddedness,7,road density,0.32 (0.22),2.983889225,5.896936155,13.63222155,0.117150668
local,embeddedness,7,human impact,-0.11 (0.15),2.983889225,5.896936155,13.63222155,0.117150668
local,embeddedness,7,substrate size,0.2 (0.23),2.983889225,5.896936155,13.63222155,0.117150668
local,embeddedness,7,% lake,-0.48 (0.22),2.983889225,5.896936155,13.63222155,0.117150668
local,embeddedness,8,intercept,0.57 (0.15),1.823088792,4.61853702,12.35382242,0.082532545
local,embeddedness,8,wetted width,-0.13 (0.2),1.823088792,4.61853702,12.35382242,0.082532545
local,embeddedness,8,substrate size,0.19 (0.24),1.823088792,4.61853702,12.35382242,0.082532545
local,embeddedness,8,% lake,-0.48 (0.24),1.823088792,4.61853702,12.35382242,0.082532545
local,embeddedness,8,flow,-0.06 (0.23),1.823088792,4.61853702,12.35382242,0.082532545
local,total dissolved solids,null,intercept,0.18 (0.04),2.548005539,0,-0.616011078,0
local,total dissolved solids,1,intercept,0.17 (0.14),3.590910237,6.161463331,5.545452253,-0.044240517
local,total dissolved solids,1,forest disturbance,0.15 (0.17),3.590910237,6.161463331,5.545452253,-0.044240517
local,total dissolved solids,1,substrate size,-0.09 (0.22),3.590910237,6.161463331,5.545452253,-0.044240517
local,total dissolved solids,1,% barren,-0.18 (0.2),3.590910237,6.161463331,5.545452253,-0.044240517
local,total dissolved solids,2,intercept,0.18 (0.12),4.189643794,4.963996218,4.34798514,-0.000523297
local,total dissolved solids,2,road density,0.25 (0.19),4.189643794,4.963996218,4.34798514,-0.000523297
local,total dissolved solids,2,substrate size,-0.07 (0.22),4.189643794,4.963996218,4.34798514,-0.000523297
local,total dissolved solids,2,% barren,-0.12 (0.2),4.189643794,4.963996218,4.34798514,-0.000523297
local,total dissolved solids,3,intercept,0.19 (0.12),4.261893902,4.819496,4.203484922,0.004626825
local,total dissolved solids,3,human impact,0.17 (0.12),4.261893902,4.819496,4.203484922,0.004626825
local,total dissolved solids,3,substrate size,-0.14 (0.22),4.261893902,4.819496,4.203484922,0.004626825
local,total dissolved solids,3,% barren,-0.13 (0.19),4.261893902,4.819496,4.203484922,0.004626825
local,total dissolved solids,4,intercept,0.16 (0.13),4.718805123,7.178400832,6.562389754,-0.00529953
local,total dissolved solids,4,road density,0.18 (0.2),4.718805123,7.178400832,6.562389754,-0.00529953
local,total dissolved solids,4,human impact,0.12 (0.13),4.718805123,7.178400832,6.562389754,-0.00529953
local,total dissolved solids,4,substrate size,-0.12 (0.23),4.718805123,7.178400832,6.562389754,-0.00529953
local,total dissolved solids,4,% barren,-0.11 (0.2),4.718805123,7.178400832,6.562389754,-0.00529953
local,total dissolved solids,5,intercept,0.14 (0.14),4.472873955,7.670263168,7.05425209,-0.023115157
local,total dissolved solids,5,forest disturbance,0.12 (0.17),4.472873955,7.670263168,7.05425209,-0.023115157
local,total dissolved solids,5,road density,0.23 (0.19),4.472873955,7.670263168,7.05425209,-0.023115157
local,total dissolved solids,5,substrate size,-0.08 (0.22),4.472873955,7.670263168,7.05425209,-0.023115157
local,total dissolved solids,5,% barren,-0.14 (0.2),4.472873955,7.670263168,7.05425209,-0.023115157
local,total dissolved solids,6,intercept,0.17 (0.14),4.351974206,7.912062665,7.296051587,-0.031988729
local,total dissolved solids,6,forest disturbance,0.07 (0.18),4.351974206,7.912062665,7.296051587,-0.031988729
local,total dissolved solids,6,human impact,0.15 (0.13),4.351974206,7.912062665,7.296051587,-0.031988729
local,total dissolved solids,6,substrate size,-0.14 (0.23),4.351974206,7.912062665,7.296051587,-0.031988729
local,total dissolved solids,6,% barren,-0.14 (0.2),4.351974206,7.912062665,7.296051587,-0.031988729
local,total dissolved solids,7,intercept,0.14 (0.14),4.811532937,10.5929452,9.976934126,-0.04405679
local,total dissolved solids,7,forest disturbance,0.07 (0.18),4.811532937,10.5929452,9.976934126,-0.04405679
local,total dissolved solids,7,road density,0.18 (0.21),4.811532937,10.5929452,9.976934126,-0.04405679
local,total dissolved solids,7,human impact,0.1 (0.14),4.811532937,10.5929452,9.976934126,-0.04405679
local,total dissolved solids,7,substrate size,-0.12 (0.23),4.811532937,10.5929452,9.976934126,-0.04405679
local,total dissolved solids,7,% barren,-0.12 (0.2),4.811532937,10.5929452,9.976934126,-0.04405679
local,total dissolved solids,8,intercept,0.25 (0.14),3.257192278,10.10162652,9.485615443,-0.115928121
local,total dissolved solids,8,wetted width,-0.05 (0.18),3.257192278,10.10162652,9.485615443,-0.115928121
local,total dissolved solids,8,substrate size,-0.07 (0.24),3.257192278,10.10162652,9.485615443,-0.115928121
local,total dissolved solids,8,% barren,-0.11 (0.26),3.257192278,10.10162652,9.485615443,-0.115928121
local,total dissolved solids,8,% lake,-0.07 (0.26),3.257192278,10.10162652,9.485615443,-0.115928121
