park,site,order,family,invert_count
GM,BER,collembola,Collembola,1
GM,BER,ephemeroptera,Baetidae,94
GM,BER,ephemeroptera,Ephemerellidae,4
GM,BER,ephemeroptera,Heptageniidae,4
GM,BER,ephemeroptera,Leptohyphidae,
GM,BER,ephemeroptera,Leptophlebiidae,3
GM,BER,odonata,Gomphidae,
GM,BER,plecoptera,Chloroperlidae,1
GM,BER,plecoptera,Leuctridae,16
GM,BER,plecoptera,Perlodidae,1
GM,BER,plecoptera,immature,1
GM,BER,trichoptera,Apataniidae,
GM,BER,trichoptera,Glossosomatidae,2
GM,BER,trichoptera,Hydropsychidae,
GM,BER,trichoptera,Hydroptilidae,
GM,BER,trichoptera,Lepidostomatidae,
GM,BER,trichoptera,Limnephilidae,
GM,BER,trichoptera,Odontoceridae,
GM,BER,trichoptera,Philopotamidae,1
GM,BER,trichoptera,Polycentropodidae,4
GM,BER,trichoptera,Rhyacophilidae,2
GM,BER,trichoptera,Uenoidae,
GM,BER,trichoptera,immature,
GM,BER,coleoptera,Dytiscidae,
GM,BER,coleoptera,Elmidae,44
GM,BER,diptera,Blebphariceridae,
GM,BER,diptera,Chironomidae,110
GM,BER,diptera,Ceratopogonidae,
GM,BER,diptera,Empididae,3
GM,BER,diptera,Nymphomyiidae,5
GM,BER,diptera,Simuliidae,7
GM,BER,diptera,Tipulidae,1
GM,BER,oligochaeta,Enchytraeidae,
GM,BER,oligochaeta,Lumbriculidae,
GM,BER,oligochaeta,Naididae,38
GM,BER,gastropoda,Physidae,
GM,BER,hirudinea,Hirudinea,
GM,BER,acarina,Hydryphantidae,2
GM,BER,acarina,Hygrobatidae,
GM,BER,acarina,Lebertiidae,
GM,BER,acarina,Sarcoptiformes,
GM,BER,acarina,Sperchontidae,1
GM,BER,acarina,Torrenticolidae,
GM,BER,amphipoda,Hyalellidae,
GM,BRY,collembola,Collembola,
GM,BRY,ephemeroptera,Baetidae,116
GM,BRY,ephemeroptera,Ephemerellidae,25
GM,BRY,ephemeroptera,Heptageniidae,2
GM,BRY,ephemeroptera,Leptohyphidae,
GM,BRY,ephemeroptera,Leptophlebiidae,2
GM,BRY,odonata,Gomphidae,
GM,BRY,plecoptera,Chloroperlidae,5
GM,BRY,plecoptera,Leuctridae,130
GM,BRY,plecoptera,Perlodidae,
GM,BRY,plecoptera,immature,
GM,BRY,trichoptera,Apataniidae,
GM,BRY,trichoptera,Glossosomatidae,4
GM,BRY,trichoptera,Hydropsychidae,4
GM,BRY,trichoptera,Hydroptilidae,
GM,BRY,trichoptera,Lepidostomatidae,
GM,BRY,trichoptera,Limnephilidae,
GM,BRY,trichoptera,Odontoceridae,
GM,BRY,trichoptera,Philopotamidae,
GM,BRY,trichoptera,Polycentropodidae,
GM,BRY,trichoptera,Rhyacophilidae,10
GM,BRY,trichoptera,Uenoidae,
GM,BRY,trichoptera,immature,
GM,BRY,coleoptera,Dytiscidae,
GM,BRY,coleoptera,Elmidae,253
GM,BRY,diptera,Blebphariceridae,
GM,BRY,diptera,Chironomidae,125
GM,BRY,diptera,Ceratopogonidae,2
GM,BRY,diptera,Empididae,3
GM,BRY,diptera,Nymphomyiidae,8
GM,BRY,diptera,Simuliidae,516
GM,BRY,diptera,Tipulidae,
GM,BRY,oligochaeta,Enchytraeidae,
GM,BRY,oligochaeta,Lumbriculidae,
GM,BRY,oligochaeta,Naididae,
GM,BRY,gastropoda,Physidae,1
GM,BRY,hirudinea,Hirudinea,
GM,BRY,acarina,Hydryphantidae,4
GM,BRY,acarina,Hygrobatidae,
GM,BRY,acarina,Lebertiidae,
GM,BRY,acarina,Sarcoptiformes,1
GM,BRY,acarina,Sperchontidae,
GM,BRY,acarina,Torrenticolidae,
GM,BRY,amphipoda,Hyalellidae,
GM,CCR,collembola,Collembola,1
GM,CCR,ephemeroptera,Baetidae,76
GM,CCR,ephemeroptera,Ephemerellidae,13
GM,CCR,ephemeroptera,Heptageniidae,26
GM,CCR,ephemeroptera,Leptohyphidae,
GM,CCR,ephemeroptera,Leptophlebiidae,7
GM,CCR,odonata,Gomphidae,
GM,CCR,plecoptera,Chloroperlidae,10
GM,CCR,plecoptera,Leuctridae,22
GM,CCR,plecoptera,Perlodidae,
GM,CCR,plecoptera,immature,
GM,CCR,trichoptera,Apataniidae,
GM,CCR,trichoptera,Glossosomatidae,
GM,CCR,trichoptera,Hydropsychidae,8
GM,CCR,trichoptera,Hydroptilidae,
GM,CCR,trichoptera,Lepidostomatidae,3
GM,CCR,trichoptera,Limnephilidae,
GM,CCR,trichoptera,Odontoceridae,
GM,CCR,trichoptera,Philopotamidae,
GM,CCR,trichoptera,Polycentropodidae,6
GM,CCR,trichoptera,Rhyacophilidae,
GM,CCR,trichoptera,Uenoidae,
GM,CCR,trichoptera,immature,
GM,CCR,coleoptera,Dytiscidae,
GM,CCR,coleoptera,Elmidae,7
GM,CCR,diptera,Blebphariceridae,
GM,CCR,diptera,Chironomidae,124
GM,CCR,diptera,Ceratopogonidae,1
GM,CCR,diptera,Empididae,3
GM,CCR,diptera,Nymphomyiidae,2
GM,CCR,diptera,Simuliidae,70
GM,CCR,diptera,Tipulidae,
GM,CCR,oligochaeta,Enchytraeidae,
GM,CCR,oligochaeta,Lumbriculidae,2
GM,CCR,oligochaeta,Naididae,11
GM,CCR,gastropoda,Physidae,
GM,CCR,hirudinea,Hirudinea,
GM,CCR,acarina,Hydryphantidae,
GM,CCR,acarina,Hygrobatidae,
GM,CCR,acarina,Lebertiidae,
GM,CCR,acarina,Sarcoptiformes,
GM,CCR,acarina,Sperchontidae,
GM,CCR,acarina,Torrenticolidae,
GM,CCR,amphipoda,Hyalellidae,
GM,HCT,collembola,Collembola,
GM,HCT,ephemeroptera,Baetidae,425
GM,HCT,ephemeroptera,Ephemerellidae,20
GM,HCT,ephemeroptera,Heptageniidae,159
GM,HCT,ephemeroptera,Leptohyphidae,
GM,HCT,ephemeroptera,Leptophlebiidae,1
GM,HCT,odonata,Gomphidae,
GM,HCT,plecoptera,Chloroperlidae,55
GM,HCT,plecoptera,Leuctridae,3
GM,HCT,plecoptera,Perlodidae,
GM,HCT,plecoptera,immature,1
GM,HCT,trichoptera,Apataniidae,
GM,HCT,trichoptera,Glossosomatidae,4
GM,HCT,trichoptera,Hydropsychidae,
GM,HCT,trichoptera,Hydroptilidae,
GM,HCT,trichoptera,Lepidostomatidae,
GM,HCT,trichoptera,Limnephilidae,
GM,HCT,trichoptera,Odontoceridae,
GM,HCT,trichoptera,Philopotamidae,3
GM,HCT,trichoptera,Polycentropodidae,1
GM,HCT,trichoptera,Rhyacophilidae,5
GM,HCT,trichoptera,Uenoidae,
GM,HCT,trichoptera,immature,
GM,HCT,coleoptera,Dytiscidae,
GM,HCT,coleoptera,Elmidae,1
GM,HCT,diptera,Blebphariceridae,
GM,HCT,diptera,Chironomidae,94
GM,HCT,diptera,Ceratopogonidae,1
GM,HCT,diptera,Empididae,1
GM,HCT,diptera,Nymphomyiidae,
GM,HCT,diptera,Simuliidae,85
GM,HCT,diptera,Tipulidae,1
GM,HCT,oligochaeta,Enchytraeidae,
GM,HCT,oligochaeta,Lumbriculidae,2
GM,HCT,oligochaeta,Naididae,2
GM,HCT,gastropoda,Physidae,
GM,HCT,hirudinea,Hirudinea,
GM,HCT,acarina,Hydryphantidae,
GM,HCT,acarina,Hygrobatidae,
GM,HCT,acarina,Lebertiidae,
GM,HCT,acarina,Sarcoptiformes,1
GM,HCT,acarina,Sperchontidae,3
GM,HCT,acarina,Torrenticolidae,1
GM,HCT,amphipoda,Hyalellidae,
GM,HOR,collembola,Collembola,
GM,HOR,ephemeroptera,Baetidae,30
GM,HOR,ephemeroptera,Ephemerellidae,22
GM,HOR,ephemeroptera,Heptageniidae,45
GM,HOR,ephemeroptera,Leptohyphidae,
GM,HOR,ephemeroptera,Leptophlebiidae,
GM,HOR,odonata,Gomphidae,
GM,HOR,plecoptera,Chloroperlidae,12
GM,HOR,plecoptera,Leuctridae,4
GM,HOR,plecoptera,Perlodidae,
GM,HOR,plecoptera,immature,
GM,HOR,trichoptera,Apataniidae,
GM,HOR,trichoptera,Glossosomatidae,5
GM,HOR,trichoptera,Hydropsychidae,
GM,HOR,trichoptera,Hydroptilidae,
GM,HOR,trichoptera,Lepidostomatidae,
GM,HOR,trichoptera,Limnephilidae,
GM,HOR,trichoptera,Odontoceridae,
GM,HOR,trichoptera,Philopotamidae,
GM,HOR,trichoptera,Polycentropodidae,
GM,HOR,trichoptera,Rhyacophilidae,9
GM,HOR,trichoptera,Uenoidae,
GM,HOR,trichoptera,immature,
GM,HOR,coleoptera,Dytiscidae,
GM,HOR,coleoptera,Elmidae,
GM,HOR,diptera,Blebphariceridae,
GM,HOR,diptera,Chironomidae,31
GM,HOR,diptera,Ceratopogonidae,1
GM,HOR,diptera,Empididae,
GM,HOR,diptera,Nymphomyiidae,
GM,HOR,diptera,Simuliidae,2
GM,HOR,diptera,Tipulidae,
GM,HOR,oligochaeta,Enchytraeidae,
GM,HOR,oligochaeta,Lumbriculidae,
GM,HOR,oligochaeta,Naididae,1
GM,HOR,gastropoda,Physidae,
GM,HOR,hirudinea,Hirudinea,
GM,HOR,acarina,Hydryphantidae,
GM,HOR,acarina,Hygrobatidae,1
GM,HOR,acarina,Lebertiidae,1
GM,HOR,acarina,Sarcoptiformes,1
GM,HOR,acarina,Sperchontidae,
GM,HOR,acarina,Torrenticolidae,
GM,HOR,amphipoda,Hyalellidae,
GM,GMS,collembola,Collembola,2
GM,GMS,ephemeroptera,Baetidae,1
GM,GMS,ephemeroptera,Ephemerellidae,
GM,GMS,ephemeroptera,Heptageniidae,
GM,GMS,ephemeroptera,Leptohyphidae,1
GM,GMS,ephemeroptera,Leptophlebiidae,
GM,GMS,odonata,Gomphidae,
GM,GMS,plecoptera,Chloroperlidae,
GM,GMS,plecoptera,Leuctridae,78
GM,GMS,plecoptera,Perlodidae,
GM,GMS,plecoptera,immature,
GM,GMS,trichoptera,Apataniidae,1
GM,GMS,trichoptera,Glossosomatidae,
GM,GMS,trichoptera,Hydropsychidae,9
GM,GMS,trichoptera,Hydroptilidae,
GM,GMS,trichoptera,Lepidostomatidae,7
GM,GMS,trichoptera,Limnephilidae,1
GM,GMS,trichoptera,Odontoceridae,
GM,GMS,trichoptera,Philopotamidae,
GM,GMS,trichoptera,Polycentropodidae,1
GM,GMS,trichoptera,Rhyacophilidae,4
GM,GMS,trichoptera,Uenoidae,1
GM,GMS,trichoptera,immature,
GM,GMS,coleoptera,Dytiscidae,1
GM,GMS,coleoptera,Elmidae,2
GM,GMS,diptera,Blebphariceridae,
GM,GMS,diptera,Chironomidae,225
GM,GMS,diptera,Ceratopogonidae,2
GM,GMS,diptera,Empididae,5
GM,GMS,diptera,Nymphomyiidae,
GM,GMS,diptera,Simuliidae,23
GM,GMS,diptera,Tipulidae,8
GM,GMS,oligochaeta,Enchytraeidae,2
GM,GMS,oligochaeta,Lumbriculidae,41
GM,GMS,oligochaeta,Naididae,1
GM,GMS,gastropoda,Physidae,
GM,GMS,hirudinea,Hirudinea,
GM,GMS,acarina,Hydryphantidae,
GM,GMS,acarina,Hygrobatidae,
GM,GMS,acarina,Lebertiidae,
GM,GMS,acarina,Sarcoptiformes,
GM,GMS,acarina,Sperchontidae,4
GM,GMS,acarina,Torrenticolidae,
GM,GMS,amphipoda,Hyalellidae,
GM,LOM,collembola,Collembola,
GM,LOM,ephemeroptera,Baetidae,56
GM,LOM,ephemeroptera,Ephemerellidae,5
GM,LOM,ephemeroptera,Heptageniidae,26
GM,LOM,ephemeroptera,Leptohyphidae,
GM,LOM,ephemeroptera,Leptophlebiidae,
GM,LOM,odonata,Gomphidae,
GM,LOM,plecoptera,Chloroperlidae,25
GM,LOM,plecoptera,Leuctridae,9
GM,LOM,plecoptera,Perlodidae,
GM,LOM,plecoptera,immature,
GM,LOM,trichoptera,Apataniidae,
GM,LOM,trichoptera,Glossosomatidae,
GM,LOM,trichoptera,Hydropsychidae,1
GM,LOM,trichoptera,Hydroptilidae,
GM,LOM,trichoptera,Lepidostomatidae,
GM,LOM,trichoptera,Limnephilidae,
GM,LOM,trichoptera,Odontoceridae,
GM,LOM,trichoptera,Philopotamidae,4
GM,LOM,trichoptera,Polycentropodidae,6
GM,LOM,trichoptera,Rhyacophilidae,8
GM,LOM,trichoptera,Uenoidae,
GM,LOM,trichoptera,immature,1
GM,LOM,coleoptera,Dytiscidae,1
GM,LOM,coleoptera,Elmidae,
GM,LOM,diptera,Blebphariceridae,
GM,LOM,diptera,Chironomidae,76
GM,LOM,diptera,Ceratopogonidae,1
GM,LOM,diptera,Empididae,1
GM,LOM,diptera,Nymphomyiidae,
GM,LOM,diptera,Simuliidae,1
GM,LOM,diptera,Tipulidae,
GM,LOM,oligochaeta,Enchytraeidae,
GM,LOM,oligochaeta,Lumbriculidae,
GM,LOM,oligochaeta,Naididae,
GM,LOM,gastropoda,Physidae,
GM,LOM,hirudinea,Hirudinea,
GM,LOM,acarina,Hydryphantidae,
GM,LOM,acarina,Hygrobatidae,1
GM,LOM,acarina,Lebertiidae,
GM,LOM,acarina,Sarcoptiformes,
GM,LOM,acarina,Sperchontidae,
GM,LOM,acarina,Torrenticolidae,
GM,LOM,amphipoda,Hyalellidae,
GM,MAC,collembola,Collembola,2
GM,MAC,ephemeroptera,Baetidae,55
GM,MAC,ephemeroptera,Ephemerellidae,30
GM,MAC,ephemeroptera,Heptageniidae,90
GM,MAC,ephemeroptera,Leptohyphidae,
GM,MAC,ephemeroptera,Leptophlebiidae,5
GM,MAC,odonata,Gomphidae,
GM,MAC,plecoptera,Chloroperlidae,39
GM,MAC,plecoptera,Leuctridae,16
GM,MAC,plecoptera,Perlodidae,
GM,MAC,plecoptera,immature,
GM,MAC,trichoptera,Apataniidae,
GM,MAC,trichoptera,Glossosomatidae,2
GM,MAC,trichoptera,Hydropsychidae,2
GM,MAC,trichoptera,Hydroptilidae,
GM,MAC,trichoptera,Lepidostomatidae,
GM,MAC,trichoptera,Limnephilidae,
GM,MAC,trichoptera,Odontoceridae,
GM,MAC,trichoptera,Philopotamidae,7
GM,MAC,trichoptera,Polycentropodidae,
GM,MAC,trichoptera,Rhyacophilidae,14
GM,MAC,trichoptera,Uenoidae,
GM,MAC,trichoptera,immature,
GM,MAC,coleoptera,Dytiscidae,2
GM,MAC,coleoptera,Elmidae,37
GM,MAC,diptera,Blebphariceridae,
GM,MAC,diptera,Chironomidae,29
GM,MAC,diptera,Ceratopogonidae,
GM,MAC,diptera,Empididae,4
GM,MAC,diptera,Nymphomyiidae,
GM,MAC,diptera,Simuliidae,7
GM,MAC,diptera,Tipulidae,
GM,MAC,oligochaeta,Enchytraeidae,
GM,MAC,oligochaeta,Lumbriculidae,7
GM,MAC,oligochaeta,Naididae,
GM,MAC,gastropoda,Physidae,
GM,MAC,hirudinea,Hirudinea,
GM,MAC,acarina,Hydryphantidae,
GM,MAC,acarina,Hygrobatidae,
GM,MAC,acarina,Lebertiidae,
GM,MAC,acarina,Sarcoptiformes,
GM,MAC,acarina,Sperchontidae,
GM,MAC,acarina,Torrenticolidae,1
GM,MAC,amphipoda,Hyalellidae,
GM,MAS,collembola,Collembola,5
GM,MAS,ephemeroptera,Baetidae,2
GM,MAS,ephemeroptera,Ephemerellidae,1
GM,MAS,ephemeroptera,Heptageniidae,1
GM,MAS,ephemeroptera,Leptohyphidae,
GM,MAS,ephemeroptera,Leptophlebiidae,3
GM,MAS,odonata,Gomphidae,
GM,MAS,plecoptera,Chloroperlidae,
GM,MAS,plecoptera,Leuctridae,14
GM,MAS,plecoptera,Perlodidae,
GM,MAS,plecoptera,immature,
GM,MAS,trichoptera,Apataniidae,
GM,MAS,trichoptera,Glossosomatidae,
GM,MAS,trichoptera,Hydropsychidae,
GM,MAS,trichoptera,Hydroptilidae,
GM,MAS,trichoptera,Lepidostomatidae,
GM,MAS,trichoptera,Limnephilidae,
GM,MAS,trichoptera,Odontoceridae,
GM,MAS,trichoptera,Philopotamidae,
GM,MAS,trichoptera,Polycentropodidae,
GM,MAS,trichoptera,Rhyacophilidae,6
GM,MAS,trichoptera,Uenoidae,
GM,MAS,trichoptera,immature,
GM,MAS,coleoptera,Dytiscidae,
GM,MAS,coleoptera,Elmidae,
GM,MAS,diptera,Blebphariceridae,
GM,MAS,diptera,Chironomidae,25
GM,MAS,diptera,Ceratopogonidae,5
GM,MAS,diptera,Empididae,
GM,MAS,diptera,Nymphomyiidae,
GM,MAS,diptera,Simuliidae,1
GM,MAS,diptera,Tipulidae,
GM,MAS,oligochaeta,Enchytraeidae,3
GM,MAS,oligochaeta,Lumbriculidae,1
GM,MAS,oligochaeta,Naididae,4
GM,MAS,gastropoda,Physidae,
GM,MAS,hirudinea,Hirudinea,
GM,MAS,acarina,Hydryphantidae,
GM,MAS,acarina,Hygrobatidae,
GM,MAS,acarina,Lebertiidae,1
GM,MAS,acarina,Sarcoptiformes,
GM,MAS,acarina,Sperchontidae,
GM,MAS,acarina,Torrenticolidae,
GM,MAS,amphipoda,Hyalellidae,
GM,MIT,collembola,Collembola,
GM,MIT,ephemeroptera,Baetidae,35
GM,MIT,ephemeroptera,Ephemerellidae,5
GM,MIT,ephemeroptera,Heptageniidae,81
GM,MIT,ephemeroptera,Leptohyphidae,
GM,MIT,ephemeroptera,Leptophlebiidae,
GM,MIT,odonata,Gomphidae,
GM,MIT,plecoptera,Chloroperlidae,15
GM,MIT,plecoptera,Leuctridae,40
GM,MIT,plecoptera,Perlodidae,
GM,MIT,plecoptera,immature,
GM,MIT,trichoptera,Apataniidae,
GM,MIT,trichoptera,Glossosomatidae,2
GM,MIT,trichoptera,Hydropsychidae,
GM,MIT,trichoptera,Hydroptilidae,
GM,MIT,trichoptera,Lepidostomatidae,
GM,MIT,trichoptera,Limnephilidae,
GM,MIT,trichoptera,Odontoceridae,
GM,MIT,trichoptera,Philopotamidae,27
GM,MIT,trichoptera,Polycentropodidae,1
GM,MIT,trichoptera,Rhyacophilidae,12
GM,MIT,trichoptera,Uenoidae,
GM,MIT,trichoptera,immature,
GM,MIT,coleoptera,Dytiscidae,
GM,MIT,coleoptera,Elmidae,
GM,MIT,diptera,Blebphariceridae,4
GM,MIT,diptera,Chironomidae,423
GM,MIT,diptera,Ceratopogonidae,
GM,MIT,diptera,Empididae,4
GM,MIT,diptera,Nymphomyiidae,
GM,MIT,diptera,Simuliidae,13
GM,MIT,diptera,Tipulidae,3
GM,MIT,oligochaeta,Enchytraeidae,
GM,MIT,oligochaeta,Lumbriculidae,17
GM,MIT,oligochaeta,Naididae,
GM,MIT,gastropoda,Physidae,
GM,MIT,hirudinea,Hirudinea,
GM,MIT,acarina,Hydryphantidae,
GM,MIT,acarina,Hygrobatidae,
GM,MIT,acarina,Lebertiidae,
GM,MIT,acarina,Sarcoptiformes,
GM,MIT,acarina,Sperchontidae,
GM,MIT,acarina,Torrenticolidae,
GM,MIT,amphipoda,Hyalellidae,
GM,RHB,collembola,Collembola,
GM,RHB,ephemeroptera,Baetidae,32
GM,RHB,ephemeroptera,Ephemerellidae,11
GM,RHB,ephemeroptera,Heptageniidae,5
GM,RHB,ephemeroptera,Leptohyphidae,80
GM,RHB,ephemeroptera,Leptophlebiidae,12
GM,RHB,odonata,Gomphidae,8
GM,RHB,plecoptera,Chloroperlidae,
GM,RHB,plecoptera,Leuctridae,171
GM,RHB,plecoptera,Perlodidae,
GM,RHB,plecoptera,immature,
GM,RHB,trichoptera,Apataniidae,
GM,RHB,trichoptera,Glossosomatidae,
GM,RHB,trichoptera,Hydropsychidae,6
GM,RHB,trichoptera,Hydroptilidae,2
GM,RHB,trichoptera,Lepidostomatidae,2
GM,RHB,trichoptera,Limnephilidae,
GM,RHB,trichoptera,Odontoceridae,1
GM,RHB,trichoptera,Philopotamidae,3
GM,RHB,trichoptera,Polycentropodidae,1
GM,RHB,trichoptera,Rhyacophilidae,6
GM,RHB,trichoptera,Uenoidae,
GM,RHB,trichoptera,immature,
GM,RHB,coleoptera,Dytiscidae,12
GM,RHB,coleoptera,Elmidae,56
GM,RHB,diptera,Blebphariceridae,
GM,RHB,diptera,Chironomidae,328
GM,RHB,diptera,Ceratopogonidae,1
GM,RHB,diptera,Empididae,1
GM,RHB,diptera,Nymphomyiidae,3
GM,RHB,diptera,Simuliidae,2
GM,RHB,diptera,Tipulidae,
GM,RHB,oligochaeta,Enchytraeidae,
GM,RHB,oligochaeta,Lumbriculidae,1
GM,RHB,oligochaeta,Naididae,
GM,RHB,gastropoda,Physidae,6
GM,RHB,hirudinea,Hirudinea,
GM,RHB,acarina,Hydryphantidae,
GM,RHB,acarina,Hygrobatidae,
GM,RHB,acarina,Lebertiidae,
GM,RHB,acarina,Sarcoptiformes,
GM,RHB,acarina,Sperchontidae,
GM,RHB,acarina,Torrenticolidae,3
GM,RHB,amphipoda,Hyalellidae,2
GM,SLA,collembola,Collembola,2
GM,SLA,ephemeroptera,Baetidae,37
GM,SLA,ephemeroptera,Ephemerellidae,10
GM,SLA,ephemeroptera,Heptageniidae,7
GM,SLA,ephemeroptera,Leptohyphidae,
GM,SLA,ephemeroptera,Leptophlebiidae,5
GM,SLA,odonata,Gomphidae,
GM,SLA,plecoptera,Chloroperlidae,
GM,SLA,plecoptera,Leuctridae,59
GM,SLA,plecoptera,Perlodidae,
GM,SLA,plecoptera,immature,
GM,SLA,trichoptera,Apataniidae,
GM,SLA,trichoptera,Glossosomatidae,
GM,SLA,trichoptera,Hydropsychidae,2
GM,SLA,trichoptera,Hydroptilidae,
GM,SLA,trichoptera,Lepidostomatidae,
GM,SLA,trichoptera,Limnephilidae,1
GM,SLA,trichoptera,Odontoceridae,1
GM,SLA,trichoptera,Philopotamidae,
GM,SLA,trichoptera,Polycentropodidae,
GM,SLA,trichoptera,Rhyacophilidae,16
GM,SLA,trichoptera,Uenoidae,
GM,SLA,trichoptera,immature,
GM,SLA,coleoptera,Dytiscidae,3
GM,SLA,coleoptera,Elmidae,57
GM,SLA,diptera,Blebphariceridae,
GM,SLA,diptera,Chironomidae,185
GM,SLA,diptera,Ceratopogonidae,7
GM,SLA,diptera,Empididae,4
GM,SLA,diptera,Nymphomyiidae,
GM,SLA,diptera,Simuliidae,5
GM,SLA,diptera,Tipulidae,1
GM,SLA,oligochaeta,Enchytraeidae,11
GM,SLA,oligochaeta,Lumbriculidae,1
GM,SLA,oligochaeta,Naididae,
GM,SLA,gastropoda,Physidae,1
GM,SLA,hirudinea,Hirudinea,1
GM,SLA,acarina,Hydryphantidae,
GM,SLA,acarina,Hygrobatidae,
GM,SLA,acarina,Lebertiidae,
GM,SLA,acarina,Sarcoptiformes,1
GM,SLA,acarina,Sperchontidae,
GM,SLA,acarina,Torrenticolidae,1
GM,SLA,amphipoda,Hyalellidae,1
GM,TUK,collembola,Collembola,1
GM,TUK,ephemeroptera,Baetidae,29
GM,TUK,ephemeroptera,Ephemerellidae,1
GM,TUK,ephemeroptera,Heptageniidae,34
GM,TUK,ephemeroptera,Leptohyphidae,
GM,TUK,ephemeroptera,Leptophlebiidae,1
GM,TUK,odonata,Gomphidae,
GM,TUK,plecoptera,Chloroperlidae,16
GM,TUK,plecoptera,Leuctridae,10
GM,TUK,plecoptera,Perlodidae,
GM,TUK,plecoptera,immature,
GM,TUK,trichoptera,Apataniidae,
GM,TUK,trichoptera,Glossosomatidae,1
GM,TUK,trichoptera,Hydropsychidae,1
GM,TUK,trichoptera,Hydroptilidae,
GM,TUK,trichoptera,Lepidostomatidae,
GM,TUK,trichoptera,Limnephilidae,
GM,TUK,trichoptera,Odontoceridae,
GM,TUK,trichoptera,Philopotamidae,9
GM,TUK,trichoptera,Polycentropodidae,
GM,TUK,trichoptera,Rhyacophilidae,7
GM,TUK,trichoptera,Uenoidae,
GM,TUK,trichoptera,immature,
GM,TUK,coleoptera,Dytiscidae,
GM,TUK,coleoptera,Elmidae,
GM,TUK,diptera,Blebphariceridae,
GM,TUK,diptera,Chironomidae,139
GM,TUK,diptera,Ceratopogonidae,
GM,TUK,diptera,Empididae,
GM,TUK,diptera,Nymphomyiidae,
GM,TUK,diptera,Simuliidae,2
GM,TUK,diptera,Tipulidae,
GM,TUK,oligochaeta,Enchytraeidae,
GM,TUK,oligochaeta,Lumbriculidae,
GM,TUK,oligochaeta,Naididae,
GM,TUK,gastropoda,Physidae,
GM,TUK,hirudinea,Hirudinea,
GM,TUK,acarina,Hydryphantidae,
GM,TUK,acarina,Hygrobatidae,
GM,TUK,acarina,Lebertiidae,
GM,TUK,acarina,Sarcoptiformes,
GM,TUK,acarina,Sperchontidae,
GM,TUK,acarina,Torrenticolidae,
GM,TUK,amphipoda,Hyalellidae,
GM,WAT,collembola,Collembola,1
GM,WAT,ephemeroptera,Baetidae,55
GM,WAT,ephemeroptera,Ephemerellidae,2
GM,WAT,ephemeroptera,Heptageniidae,90
GM,WAT,ephemeroptera,Leptohyphidae,
GM,WAT,ephemeroptera,Leptophlebiidae,1
GM,WAT,odonata,Gomphidae,
GM,WAT,plecoptera,Chloroperlidae,8
GM,WAT,plecoptera,Leuctridae,4
GM,WAT,plecoptera,Perlodidae,
GM,WAT,plecoptera,immature,
GM,WAT,trichoptera,Apataniidae,
GM,WAT,trichoptera,Glossosomatidae,
GM,WAT,trichoptera,Hydropsychidae,
GM,WAT,trichoptera,Hydroptilidae,
GM,WAT,trichoptera,Lepidostomatidae,
GM,WAT,trichoptera,Limnephilidae,
GM,WAT,trichoptera,Odontoceridae,
GM,WAT,trichoptera,Philopotamidae,1
GM,WAT,trichoptera,Polycentropodidae,2
GM,WAT,trichoptera,Rhyacophilidae,4
GM,WAT,trichoptera,Uenoidae,
GM,WAT,trichoptera,immature,
GM,WAT,coleoptera,Dytiscidae,
GM,WAT,coleoptera,Elmidae,3
GM,WAT,diptera,Blebphariceridae,
GM,WAT,diptera,Chironomidae,52
GM,WAT,diptera,Ceratopogonidae,
GM,WAT,diptera,Empididae,2
GM,WAT,diptera,Nymphomyiidae,
GM,WAT,diptera,Simuliidae,9
GM,WAT,diptera,Tipulidae,
GM,WAT,oligochaeta,Enchytraeidae,4
GM,WAT,oligochaeta,Lumbriculidae,3
GM,WAT,oligochaeta,Naididae,
GM,WAT,gastropoda,Physidae,
GM,WAT,hirudinea,Hirudinea,
GM,WAT,acarina,Hydryphantidae,
GM,WAT,acarina,Hygrobatidae,
GM,WAT,acarina,Lebertiidae,
GM,WAT,acarina,Sarcoptiformes,1
GM,WAT,acarina,Sperchontidae,
GM,WAT,acarina,Torrenticolidae,
GM,WAT,amphipoda,Hyalellidae,
TN,ARB,collembola,Collembola,1
TN,ARB,ephemeroptera,Baetidae,46
TN,ARB,ephemeroptera,Ephemerellidae,11
TN,ARB,ephemeroptera,Heptageniidae,
TN,ARB,ephemeroptera,Leptophlebiidae,23
TN,ARB,odonata,Gomphidae,
TN,ARB,neuroptera,Sisyridae,4
TN,ARB,lepidoptera,Noctuidae,
TN,ARB,lepidoptera,Pyralidae,
TN,ARB,plecoptera,Capniidae,8
TN,ARB,plecoptera,Chloroperlidae,3
TN,ARB,plecoptera,Leuctridae,
TN,ARB,plecoptera,Perlodidae,2
TN,ARB,trichoptera,Apataniidae,
TN,ARB,trichoptera,Glossosomatidae,
TN,ARB,trichoptera,Hydropsychidae,8
TN,ARB,trichoptera,Hydroptilidae,
TN,ARB,trichoptera,Lepidostomatidae,1
TN,ARB,trichoptera,Leptoceridae,
TN,ARB,trichoptera,Odontoceridae,
TN,ARB,trichoptera,Philopotamidae,24
TN,ARB,trichoptera,Polycentropodidae,2
TN,ARB,trichoptera,Rhyacophilidae,26
TN,ARB,trichoptera,Uenoidae,
TN,ARB,trichoptera,immature,2
TN,ARB,coleoptera,Dytiscidae,
TN,ARB,coleoptera,Elmidae,62
TN,ARB,coleoptera,Gyrinidae,
TN,ARB,diptera,Chironomidae,60
TN,ARB,diptera,Ceratopogonidae,3
TN,ARB,diptera,Dixidae,
TN,ARB,diptera,Empididae,1
TN,ARB,diptera,Muscidae,
TN,ARB,diptera,Nymphomyiidae,
TN,ARB,diptera,Simuliidae,68
TN,ARB,diptera,Tipulidae,2
TN,ARB,oligochaeta,Enchytraeidae,
TN,ARB,oligochaeta,Lumbriculidae,1
TN,ARB,oligochaeta,Naididae,1
TN,ARB,hirudinea,Glossiphoniidae,
TN,ARB,bivalvia,Pisidiidae,
TN,ARB,acarina,Aturidae,
TN,ARB,acarina,Hydryphantidae,
TN,ARB,acarina,Hygrobatidae,
TN,ARB,acarina,Lebertiidae,
TN,ARB,acarina,Sarcoptiformes,3
TN,ARB,acarina,Sperchontidae,1
TN,ARB,acarina,Torrenticolidae,1
TN,ARB,amphipoda,Hyalellidae,
TN,BFF,collembola,Collembola,
TN,BFF,ephemeroptera,Baetidae,141
TN,BFF,ephemeroptera,Ephemerellidae,86
TN,BFF,ephemeroptera,Heptageniidae,42
TN,BFF,ephemeroptera,Leptophlebiidae,50
TN,BFF,odonata,Gomphidae,9
TN,BFF,neuroptera,Sisyridae,3
TN,BFF,lepidoptera,Noctuidae,
TN,BFF,lepidoptera,Pyralidae,
TN,BFF,plecoptera,Capniidae,1
TN,BFF,plecoptera,Chloroperlidae,1
TN,BFF,plecoptera,Leuctridae,
TN,BFF,plecoptera,Perlodidae,4
TN,BFF,trichoptera,Apataniidae,
TN,BFF,trichoptera,Glossosomatidae,
TN,BFF,trichoptera,Hydropsychidae,74
TN,BFF,trichoptera,Hydroptilidae,
TN,BFF,trichoptera,Lepidostomatidae,11
TN,BFF,trichoptera,Leptoceridae,
TN,BFF,trichoptera,Odontoceridae,
TN,BFF,trichoptera,Philopotamidae,5
TN,BFF,trichoptera,Polycentropodidae,1
TN,BFF,trichoptera,Rhyacophilidae,1
TN,BFF,trichoptera,Uenoidae,1
TN,BFF,trichoptera,immature,10
TN,BFF,coleoptera,Dytiscidae,
TN,BFF,coleoptera,Elmidae,12
TN,BFF,coleoptera,Gyrinidae,
TN,BFF,diptera,Chironomidae,152
TN,BFF,diptera,Ceratopogonidae,4
TN,BFF,diptera,Dixidae,
TN,BFF,diptera,Empididae,7
TN,BFF,diptera,Muscidae,
TN,BFF,diptera,Nymphomyiidae,
TN,BFF,diptera,Simuliidae,108
TN,BFF,diptera,Tipulidae,1
TN,BFF,oligochaeta,Enchytraeidae,
TN,BFF,oligochaeta,Lumbriculidae,1
TN,BFF,oligochaeta,Naididae,
TN,BFF,hirudinea,Glossiphoniidae,
TN,BFF,bivalvia,Pisidiidae,
TN,BFF,acarina,Aturidae,
TN,BFF,acarina,Hydryphantidae,1
TN,BFF,acarina,Hygrobatidae,2
TN,BFF,acarina,Lebertiidae,2
TN,BFF,acarina,Sarcoptiformes,
TN,BFF,acarina,Sperchontidae,6
TN,BFF,acarina,Torrenticolidae,
TN,BFF,amphipoda,Hyalellidae,
TN,BIG,collembola,Collembola,
TN,BIG,ephemeroptera,Baetidae,34
TN,BIG,ephemeroptera,Ephemerellidae,6
TN,BIG,ephemeroptera,Heptageniidae,10
TN,BIG,ephemeroptera,Leptophlebiidae,8
TN,BIG,odonata,Gomphidae,
TN,BIG,neuroptera,Sisyridae,
TN,BIG,lepidoptera,Noctuidae,
TN,BIG,lepidoptera,Pyralidae,
TN,BIG,plecoptera,Capniidae,1
TN,BIG,plecoptera,Chloroperlidae,
TN,BIG,plecoptera,Leuctridae,
TN,BIG,plecoptera,Perlodidae,1
TN,BIG,trichoptera,Apataniidae,
TN,BIG,trichoptera,Glossosomatidae,
TN,BIG,trichoptera,Hydropsychidae,77
TN,BIG,trichoptera,Hydroptilidae,
TN,BIG,trichoptera,Lepidostomatidae,5
TN,BIG,trichoptera,Leptoceridae,
TN,BIG,trichoptera,Odontoceridae,
TN,BIG,trichoptera,Philopotamidae,16
TN,BIG,trichoptera,Polycentropodidae,1
TN,BIG,trichoptera,Rhyacophilidae,2
TN,BIG,trichoptera,Uenoidae,
TN,BIG,trichoptera,immature,11
TN,BIG,coleoptera,Dytiscidae,
TN,BIG,coleoptera,Elmidae,2
TN,BIG,coleoptera,Gyrinidae,
TN,BIG,diptera,Chironomidae,87
TN,BIG,diptera,Ceratopogonidae,
TN,BIG,diptera,Dixidae,
TN,BIG,diptera,Empididae,2
TN,BIG,diptera,Muscidae,
TN,BIG,diptera,Nymphomyiidae,
TN,BIG,diptera,Simuliidae,174
TN,BIG,diptera,Tipulidae,
TN,BIG,oligochaeta,Enchytraeidae,
TN,BIG,oligochaeta,Lumbriculidae,1
TN,BIG,oligochaeta,Naididae,
TN,BIG,hirudinea,Glossiphoniidae,
TN,BIG,bivalvia,Pisidiidae,
TN,BIG,acarina,Aturidae,
TN,BIG,acarina,Hydryphantidae,
TN,BIG,acarina,Hygrobatidae,
TN,BIG,acarina,Lebertiidae,
TN,BIG,acarina,Sarcoptiformes,
TN,BIG,acarina,Sperchontidae,
TN,BIG,acarina,Torrenticolidae,
TN,BIG,amphipoda,Hyalellidae,
TN,BLD,collembola,Collembola,
TN,BLD,ephemeroptera,Baetidae,61
TN,BLD,ephemeroptera,Ephemerellidae,4
TN,BLD,ephemeroptera,Heptageniidae,
TN,BLD,ephemeroptera,Leptophlebiidae,
TN,BLD,odonata,Gomphidae,
TN,BLD,neuroptera,Sisyridae,6
TN,BLD,lepidoptera,Noctuidae,
TN,BLD,lepidoptera,Pyralidae,
TN,BLD,plecoptera,Capniidae,
TN,BLD,plecoptera,Chloroperlidae,5
TN,BLD,plecoptera,Leuctridae,22
TN,BLD,plecoptera,Perlodidae,2
TN,BLD,trichoptera,Apataniidae,
TN,BLD,trichoptera,Glossosomatidae,
TN,BLD,trichoptera,Hydropsychidae,10
TN,BLD,trichoptera,Hydroptilidae,
TN,BLD,trichoptera,Lepidostomatidae,1
TN,BLD,trichoptera,Leptoceridae,
TN,BLD,trichoptera,Odontoceridae,
TN,BLD,trichoptera,Philopotamidae,22
TN,BLD,trichoptera,Polycentropodidae,
TN,BLD,trichoptera,Rhyacophilidae,8
TN,BLD,trichoptera,Uenoidae,
TN,BLD,trichoptera,immature,3
TN,BLD,coleoptera,Dytiscidae,
TN,BLD,coleoptera,Elmidae,11
TN,BLD,coleoptera,Gyrinidae,
TN,BLD,diptera,Chironomidae,171
TN,BLD,diptera,Ceratopogonidae,
TN,BLD,diptera,Dixidae,
TN,BLD,diptera,Empididae,3
TN,BLD,diptera,Muscidae,
TN,BLD,diptera,Nymphomyiidae,1
TN,BLD,diptera,Simuliidae,427
TN,BLD,diptera,Tipulidae,1
TN,BLD,oligochaeta,Enchytraeidae,
TN,BLD,oligochaeta,Lumbriculidae,4
TN,BLD,oligochaeta,Naididae,
TN,BLD,hirudinea,Glossiphoniidae,
TN,BLD,bivalvia,Pisidiidae,
TN,BLD,acarina,Aturidae,
TN,BLD,acarina,Hydryphantidae,
TN,BLD,acarina,Hygrobatidae,
TN,BLD,acarina,Lebertiidae,
TN,BLD,acarina,Sarcoptiformes,
TN,BLD,acarina,Sperchontidae,
TN,BLD,acarina,Torrenticolidae,
TN,BLD,amphipoda,Hyalellidae,
TN,CHR,collembola,Collembola,2
TN,CHR,ephemeroptera,Baetidae,13
TN,CHR,ephemeroptera,Ephemerellidae,12
TN,CHR,ephemeroptera,Heptageniidae,4
TN,CHR,ephemeroptera,Leptophlebiidae,30
TN,CHR,odonata,Gomphidae,
TN,CHR,neuroptera,Sisyridae,
TN,CHR,lepidoptera,Noctuidae,2
TN,CHR,lepidoptera,Pyralidae,
TN,CHR,plecoptera,Capniidae,5
TN,CHR,plecoptera,Chloroperlidae,
TN,CHR,plecoptera,Leuctridae,1
TN,CHR,plecoptera,Perlodidae,1
TN,CHR,trichoptera,Apataniidae,
TN,CHR,trichoptera,Glossosomatidae,
TN,CHR,trichoptera,Hydropsychidae,13
TN,CHR,trichoptera,Hydroptilidae,
TN,CHR,trichoptera,Lepidostomatidae,
TN,CHR,trichoptera,Leptoceridae,1
TN,CHR,trichoptera,Odontoceridae,
TN,CHR,trichoptera,Philopotamidae,20
TN,CHR,trichoptera,Polycentropodidae,
TN,CHR,trichoptera,Rhyacophilidae,4
TN,CHR,trichoptera,Uenoidae,
TN,CHR,trichoptera,immature,1
TN,CHR,coleoptera,Dytiscidae,
TN,CHR,coleoptera,Elmidae,11
TN,CHR,coleoptera,Gyrinidae,
TN,CHR,diptera,Chironomidae,226
TN,CHR,diptera,Ceratopogonidae,
TN,CHR,diptera,Dixidae,
TN,CHR,diptera,Empididae,
TN,CHR,diptera,Muscidae,
TN,CHR,diptera,Nymphomyiidae,
TN,CHR,diptera,Simuliidae,15
TN,CHR,diptera,Tipulidae,
TN,CHR,oligochaeta,Enchytraeidae,
TN,CHR,oligochaeta,Lumbriculidae,4
TN,CHR,oligochaeta,Naididae,
TN,CHR,hirudinea,Glossiphoniidae,
TN,CHR,bivalvia,Pisidiidae,
TN,CHR,acarina,Aturidae,
TN,CHR,acarina,Hydryphantidae,
TN,CHR,acarina,Hygrobatidae,
TN,CHR,acarina,Lebertiidae,
TN,CHR,acarina,Sarcoptiformes,
TN,CHR,acarina,Sperchontidae,
TN,CHR,acarina,Torrenticolidae,
TN,CHR,amphipoda,Hyalellidae,5
TN,DAV,collembola,Collembola,3
TN,DAV,ephemeroptera,Baetidae,16
TN,DAV,ephemeroptera,Ephemerellidae,3
TN,DAV,ephemeroptera,Heptageniidae,
TN,DAV,ephemeroptera,Leptophlebiidae,7
TN,DAV,odonata,Gomphidae,
TN,DAV,neuroptera,Sisyridae,
TN,DAV,lepidoptera,Noctuidae,
TN,DAV,lepidoptera,Pyralidae,
TN,DAV,plecoptera,Capniidae,
TN,DAV,plecoptera,Chloroperlidae,4
TN,DAV,plecoptera,Leuctridae,7
TN,DAV,plecoptera,Perlodidae,
TN,DAV,trichoptera,Apataniidae,
TN,DAV,trichoptera,Glossosomatidae,
TN,DAV,trichoptera,Hydropsychidae,3
TN,DAV,trichoptera,Hydroptilidae,
TN,DAV,trichoptera,Lepidostomatidae,5
TN,DAV,trichoptera,Leptoceridae,
TN,DAV,trichoptera,Odontoceridae,
TN,DAV,trichoptera,Philopotamidae,1
TN,DAV,trichoptera,Polycentropodidae,2
TN,DAV,trichoptera,Rhyacophilidae,7
TN,DAV,trichoptera,Uenoidae,
TN,DAV,trichoptera,immature,7
TN,DAV,coleoptera,Dytiscidae,4
TN,DAV,coleoptera,Elmidae,21
TN,DAV,coleoptera,Gyrinidae,
TN,DAV,diptera,Chironomidae,76
TN,DAV,diptera,Ceratopogonidae,
TN,DAV,diptera,Dixidae,
TN,DAV,diptera,Empididae,1
TN,DAV,diptera,Muscidae,
TN,DAV,diptera,Nymphomyiidae,
TN,DAV,diptera,Simuliidae,3
TN,DAV,diptera,Tipulidae,1
TN,DAV,oligochaeta,Enchytraeidae,22
TN,DAV,oligochaeta,Lumbriculidae,
TN,DAV,oligochaeta,Naididae,
TN,DAV,hirudinea,Glossiphoniidae,1
TN,DAV,bivalvia,Pisidiidae,
TN,DAV,acarina,Aturidae,
TN,DAV,acarina,Hydryphantidae,
TN,DAV,acarina,Hygrobatidae,
TN,DAV,acarina,Lebertiidae,
TN,DAV,acarina,Sarcoptiformes,
TN,DAV,acarina,Sperchontidae,
TN,DAV,acarina,Torrenticolidae,
TN,DAV,amphipoda,Hyalellidae,
TN,GTG,collembola,Collembola,
TN,GTG,ephemeroptera,Baetidae,31
TN,GTG,ephemeroptera,Ephemerellidae,10
TN,GTG,ephemeroptera,Heptageniidae,15
TN,GTG,ephemeroptera,Leptophlebiidae,25
TN,GTG,odonata,Gomphidae,
TN,GTG,neuroptera,Sisyridae,3
TN,GTG,lepidoptera,Noctuidae,
TN,GTG,lepidoptera,Pyralidae,
TN,GTG,plecoptera,Capniidae,10
TN,GTG,plecoptera,Chloroperlidae,1
TN,GTG,plecoptera,Leuctridae,9
TN,GTG,plecoptera,Perlodidae,1
TN,GTG,trichoptera,Apataniidae,
TN,GTG,trichoptera,Glossosomatidae,
TN,GTG,trichoptera,Hydropsychidae,24
TN,GTG,trichoptera,Hydroptilidae,2
TN,GTG,trichoptera,Lepidostomatidae,1
TN,GTG,trichoptera,Leptoceridae,
TN,GTG,trichoptera,Odontoceridae,
TN,GTG,trichoptera,Philopotamidae,1
TN,GTG,trichoptera,Polycentropodidae,2
TN,GTG,trichoptera,Rhyacophilidae,3
TN,GTG,trichoptera,Uenoidae,
TN,GTG,trichoptera,immature,1
TN,GTG,coleoptera,Dytiscidae,1
TN,GTG,coleoptera,Elmidae,6
TN,GTG,coleoptera,Gyrinidae,
TN,GTG,diptera,Chironomidae,125
TN,GTG,diptera,Ceratopogonidae,
TN,GTG,diptera,Dixidae,
TN,GTG,diptera,Empididae,2
TN,GTG,diptera,Muscidae,
TN,GTG,diptera,Nymphomyiidae,1
TN,GTG,diptera,Simuliidae,160
TN,GTG,diptera,Tipulidae,2
TN,GTG,oligochaeta,Enchytraeidae,
TN,GTG,oligochaeta,Lumbriculidae,6
TN,GTG,oligochaeta,Naididae,1
TN,GTG,hirudinea,Glossiphoniidae,
TN,GTG,bivalvia,Pisidiidae,
TN,GTG,acarina,Aturidae,1
TN,GTG,acarina,Hydryphantidae,
TN,GTG,acarina,Hygrobatidae,
TN,GTG,acarina,Lebertiidae,
TN,GTG,acarina,Sarcoptiformes,
TN,GTG,acarina,Sperchontidae,
TN,GTG,acarina,Torrenticolidae,
TN,GTG,amphipoda,Hyalellidae,
TN,JUS,collembola,Collembola,2
TN,JUS,ephemeroptera,Baetidae,244
TN,JUS,ephemeroptera,Ephemerellidae,3
TN,JUS,ephemeroptera,Heptageniidae,
TN,JUS,ephemeroptera,Leptophlebiidae,20
TN,JUS,odonata,Gomphidae,
TN,JUS,neuroptera,Sisyridae,
TN,JUS,lepidoptera,Noctuidae,
TN,JUS,lepidoptera,Pyralidae,
TN,JUS,plecoptera,Capniidae,1
TN,JUS,plecoptera,Chloroperlidae,8
TN,JUS,plecoptera,Leuctridae,13
TN,JUS,plecoptera,Perlodidae,6
TN,JUS,trichoptera,Apataniidae,
TN,JUS,trichoptera,Glossosomatidae,
TN,JUS,trichoptera,Hydropsychidae,25
TN,JUS,trichoptera,Hydroptilidae,
TN,JUS,trichoptera,Lepidostomatidae,2
TN,JUS,trichoptera,Leptoceridae,
TN,JUS,trichoptera,Odontoceridae,
TN,JUS,trichoptera,Philopotamidae,31
TN,JUS,trichoptera,Polycentropodidae,7
TN,JUS,trichoptera,Rhyacophilidae,27
TN,JUS,trichoptera,Uenoidae,
TN,JUS,trichoptera,immature,3
TN,JUS,coleoptera,Dytiscidae,
TN,JUS,coleoptera,Elmidae,27
TN,JUS,coleoptera,Gyrinidae,
TN,JUS,diptera,Chironomidae,239
TN,JUS,diptera,Ceratopogonidae,1
TN,JUS,diptera,Dixidae,
TN,JUS,diptera,Empididae,
TN,JUS,diptera,Muscidae,
TN,JUS,diptera,Nymphomyiidae,5
TN,JUS,diptera,Simuliidae,172
TN,JUS,diptera,Tipulidae,5
TN,JUS,oligochaeta,Enchytraeidae,
TN,JUS,oligochaeta,Lumbriculidae,7
TN,JUS,oligochaeta,Naididae,4
TN,JUS,hirudinea,Glossiphoniidae,
TN,JUS,bivalvia,Pisidiidae,
TN,JUS,acarina,Aturidae,
TN,JUS,acarina,Hydryphantidae,1
TN,JUS,acarina,Hygrobatidae,2
TN,JUS,acarina,Lebertiidae,
TN,JUS,acarina,Sarcoptiformes,
TN,JUS,acarina,Sperchontidae,2
TN,JUS,acarina,Torrenticolidae,
TN,JUS,amphipoda,Hyalellidae,
TN,RPS,collembola,Collembola,
TN,RPS,ephemeroptera,Baetidae,207
TN,RPS,ephemeroptera,Ephemerellidae,32
TN,RPS,ephemeroptera,Heptageniidae,2
TN,RPS,ephemeroptera,Leptophlebiidae,21
TN,RPS,odonata,Gomphidae,2
TN,RPS,neuroptera,Sisyridae,2
TN,RPS,lepidoptera,Noctuidae,
TN,RPS,lepidoptera,Pyralidae,
TN,RPS,plecoptera,Capniidae,12
TN,RPS,plecoptera,Chloroperlidae,5
TN,RPS,plecoptera,Leuctridae,1
TN,RPS,plecoptera,Perlodidae,
TN,RPS,trichoptera,Apataniidae,1
TN,RPS,trichoptera,Glossosomatidae,2
TN,RPS,trichoptera,Hydropsychidae,61
TN,RPS,trichoptera,Hydroptilidae,
TN,RPS,trichoptera,Lepidostomatidae,17
TN,RPS,trichoptera,Leptoceridae,
TN,RPS,trichoptera,Odontoceridae,
TN,RPS,trichoptera,Philopotamidae,24
TN,RPS,trichoptera,Polycentropodidae,2
TN,RPS,trichoptera,Rhyacophilidae,32
TN,RPS,trichoptera,Uenoidae,
TN,RPS,trichoptera,immature,13
TN,RPS,coleoptera,Dytiscidae,3
TN,RPS,coleoptera,Elmidae,54
TN,RPS,coleoptera,Gyrinidae,1
TN,RPS,diptera,Chironomidae,273
TN,RPS,diptera,Ceratopogonidae,6
TN,RPS,diptera,Dixidae,
TN,RPS,diptera,Empididae,3
TN,RPS,diptera,Muscidae,1
TN,RPS,diptera,Nymphomyiidae,
TN,RPS,diptera,Simuliidae,277
TN,RPS,diptera,Tipulidae,8
TN,RPS,oligochaeta,Enchytraeidae,12
TN,RPS,oligochaeta,Lumbriculidae,4
TN,RPS,oligochaeta,Naididae,
TN,RPS,hirudinea,Glossiphoniidae,
TN,RPS,bivalvia,Pisidiidae,1
TN,RPS,acarina,Aturidae,
TN,RPS,acarina,Hydryphantidae,2
TN,RPS,acarina,Hygrobatidae,1
TN,RPS,acarina,Lebertiidae,1
TN,RPS,acarina,Sarcoptiformes,
TN,RPS,acarina,Sperchontidae,6
TN,RPS,acarina,Torrenticolidae,
TN,RPS,amphipoda,Hyalellidae,
TN,SAL,collembola,Collembola,3
TN,SAL,ephemeroptera,Baetidae,66
TN,SAL,ephemeroptera,Ephemerellidae,8
TN,SAL,ephemeroptera,Heptageniidae,9
TN,SAL,ephemeroptera,Leptophlebiidae,18
TN,SAL,odonata,Gomphidae,
TN,SAL,neuroptera,Sisyridae,36
TN,SAL,lepidoptera,Noctuidae,
TN,SAL,lepidoptera,Pyralidae,1
TN,SAL,plecoptera,Capniidae,3
TN,SAL,plecoptera,Chloroperlidae,
TN,SAL,plecoptera,Leuctridae,8
TN,SAL,plecoptera,Perlodidae,2
TN,SAL,trichoptera,Apataniidae,
TN,SAL,trichoptera,Glossosomatidae,
TN,SAL,trichoptera,Hydropsychidae,28
TN,SAL,trichoptera,Hydroptilidae,1
TN,SAL,trichoptera,Lepidostomatidae,4
TN,SAL,trichoptera,Leptoceridae,1
TN,SAL,trichoptera,Odontoceridae,
TN,SAL,trichoptera,Philopotamidae,4
TN,SAL,trichoptera,Polycentropodidae,4
TN,SAL,trichoptera,Rhyacophilidae,30
TN,SAL,trichoptera,Uenoidae,
TN,SAL,trichoptera,immature,12
TN,SAL,coleoptera,Dytiscidae,1
TN,SAL,coleoptera,Elmidae,19
TN,SAL,coleoptera,Gyrinidae,
TN,SAL,diptera,Chironomidae,99
TN,SAL,diptera,Ceratopogonidae,
TN,SAL,diptera,Dixidae,1
TN,SAL,diptera,Empididae,
TN,SAL,diptera,Muscidae,
TN,SAL,diptera,Nymphomyiidae,14
TN,SAL,diptera,Simuliidae,171
TN,SAL,diptera,Tipulidae,
TN,SAL,oligochaeta,Enchytraeidae,
TN,SAL,oligochaeta,Lumbriculidae,4
TN,SAL,oligochaeta,Naididae,1
TN,SAL,hirudinea,Glossiphoniidae,
TN,SAL,bivalvia,Pisidiidae,
TN,SAL,acarina,Aturidae,
TN,SAL,acarina,Hydryphantidae,
TN,SAL,acarina,Hygrobatidae,1
TN,SAL,acarina,Lebertiidae,
TN,SAL,acarina,Sarcoptiformes,1
TN,SAL,acarina,Sperchontidae,
TN,SAL,acarina,Torrenticolidae,
TN,SAL,amphipoda,Hyalellidae,
TN,SPK,collembola,Collembola,
TN,SPK,ephemeroptera,Baetidae,64
TN,SPK,ephemeroptera,Ephemerellidae,33
TN,SPK,ephemeroptera,Heptageniidae,
TN,SPK,ephemeroptera,Leptophlebiidae,114
TN,SPK,odonata,Gomphidae,
TN,SPK,neuroptera,Sisyridae,
TN,SPK,lepidoptera,Noctuidae,
TN,SPK,lepidoptera,Pyralidae,
TN,SPK,plecoptera,Capniidae,12
TN,SPK,plecoptera,Chloroperlidae,1
TN,SPK,plecoptera,Leuctridae,78
TN,SPK,plecoptera,Perlodidae,6
TN,SPK,trichoptera,Apataniidae,
TN,SPK,trichoptera,Glossosomatidae,
TN,SPK,trichoptera,Hydropsychidae,214
TN,SPK,trichoptera,Hydroptilidae,
TN,SPK,trichoptera,Lepidostomatidae,1
TN,SPK,trichoptera,Leptoceridae,
TN,SPK,trichoptera,Odontoceridae,
TN,SPK,trichoptera,Philopotamidae,40
TN,SPK,trichoptera,Polycentropodidae,
TN,SPK,trichoptera,Rhyacophilidae,27
TN,SPK,trichoptera,Uenoidae,1
TN,SPK,trichoptera,immature,4
TN,SPK,coleoptera,Dytiscidae,
TN,SPK,coleoptera,Elmidae,214
TN,SPK,coleoptera,Gyrinidae,
TN,SPK,diptera,Chironomidae,246
TN,SPK,diptera,Ceratopogonidae,4
TN,SPK,diptera,Dixidae,
TN,SPK,diptera,Empididae,
TN,SPK,diptera,Muscidae,
TN,SPK,diptera,Nymphomyiidae,1
TN,SPK,diptera,Simuliidae,276
TN,SPK,diptera,Tipulidae,1
TN,SPK,oligochaeta,Enchytraeidae,1
TN,SPK,oligochaeta,Lumbriculidae,6
TN,SPK,oligochaeta,Naididae,1
TN,SPK,hirudinea,Glossiphoniidae,
TN,SPK,bivalvia,Pisidiidae,4
TN,SPK,acarina,Aturidae,
TN,SPK,acarina,Hydryphantidae,
TN,SPK,acarina,Hygrobatidae,
TN,SPK,acarina,Lebertiidae,
TN,SPK,acarina,Sarcoptiformes,3
TN,SPK,acarina,Sperchontidae,
TN,SPK,acarina,Torrenticolidae,
TN,SPK,amphipoda,Hyalellidae,
TN,SQR,collembola,Collembola,3
TN,SQR,ephemeroptera,Baetidae,45
TN,SQR,ephemeroptera,Ephemerellidae,64
TN,SQR,ephemeroptera,Heptageniidae,
TN,SQR,ephemeroptera,Leptophlebiidae,5
TN,SQR,odonata,Gomphidae,
TN,SQR,neuroptera,Sisyridae,
TN,SQR,lepidoptera,Noctuidae,
TN,SQR,lepidoptera,Pyralidae,
TN,SQR,plecoptera,Capniidae,5
TN,SQR,plecoptera,Chloroperlidae,29
TN,SQR,plecoptera,Leuctridae,50
TN,SQR,plecoptera,Perlodidae,1
TN,SQR,trichoptera,Apataniidae,
TN,SQR,trichoptera,Glossosomatidae,
TN,SQR,trichoptera,Hydropsychidae,172
TN,SQR,trichoptera,Hydroptilidae,
TN,SQR,trichoptera,Lepidostomatidae,
TN,SQR,trichoptera,Leptoceridae,
TN,SQR,trichoptera,Odontoceridae,
TN,SQR,trichoptera,Philopotamidae,32
TN,SQR,trichoptera,Polycentropodidae,
TN,SQR,trichoptera,Rhyacophilidae,45
TN,SQR,trichoptera,Uenoidae,
TN,SQR,trichoptera,immature,14
TN,SQR,coleoptera,Dytiscidae,1
TN,SQR,coleoptera,Elmidae,102
TN,SQR,coleoptera,Gyrinidae,
TN,SQR,diptera,Chironomidae,201
TN,SQR,diptera,Ceratopogonidae,1
TN,SQR,diptera,Dixidae,
TN,SQR,diptera,Empididae,1
TN,SQR,diptera,Muscidae,
TN,SQR,diptera,Nymphomyiidae,
TN,SQR,diptera,Simuliidae,121
TN,SQR,diptera,Tipulidae,2
TN,SQR,oligochaeta,Enchytraeidae,
TN,SQR,oligochaeta,Lumbriculidae,5
TN,SQR,oligochaeta,Naididae,2
TN,SQR,hirudinea,Glossiphoniidae,
TN,SQR,bivalvia,Pisidiidae,
TN,SQR,acarina,Aturidae,
TN,SQR,acarina,Hydryphantidae,1
TN,SQR,acarina,Hygrobatidae,1
TN,SQR,acarina,Lebertiidae,
TN,SQR,acarina,Sarcoptiformes,3
TN,SQR,acarina,Sperchontidae,
TN,SQR,acarina,Torrenticolidae,
TN,SQR,amphipoda,Hyalellidae,
TN,SWR,collembola,Collembola,
TN,SWR,ephemeroptera,Baetidae,23
TN,SWR,ephemeroptera,Ephemerellidae,15
TN,SWR,ephemeroptera,Heptageniidae,25
TN,SWR,ephemeroptera,Leptophlebiidae,9
TN,SWR,odonata,Gomphidae,
TN,SWR,neuroptera,Sisyridae,
TN,SWR,lepidoptera,Noctuidae,
TN,SWR,lepidoptera,Pyralidae,
TN,SWR,plecoptera,Capniidae,
TN,SWR,plecoptera,Chloroperlidae,
TN,SWR,plecoptera,Leuctridae,1
TN,SWR,plecoptera,Perlodidae,3
TN,SWR,trichoptera,Apataniidae,
TN,SWR,trichoptera,Glossosomatidae,
TN,SWR,trichoptera,Hydropsychidae,28
TN,SWR,trichoptera,Hydroptilidae,1
TN,SWR,trichoptera,Lepidostomatidae,
TN,SWR,trichoptera,Leptoceridae,2
TN,SWR,trichoptera,Odontoceridae,
TN,SWR,trichoptera,Philopotamidae,2
TN,SWR,trichoptera,Polycentropodidae,2
TN,SWR,trichoptera,Rhyacophilidae,2
TN,SWR,trichoptera,Uenoidae,
TN,SWR,trichoptera,immature,4
TN,SWR,coleoptera,Dytiscidae,
TN,SWR,coleoptera,Elmidae,11
TN,SWR,coleoptera,Gyrinidae,
TN,SWR,diptera,Chironomidae,77
TN,SWR,diptera,Ceratopogonidae,
TN,SWR,diptera,Dixidae,
TN,SWR,diptera,Empididae,12
TN,SWR,diptera,Muscidae,
TN,SWR,diptera,Nymphomyiidae,
TN,SWR,diptera,Simuliidae,98
TN,SWR,diptera,Tipulidae,
TN,SWR,oligochaeta,Enchytraeidae,
TN,SWR,oligochaeta,Lumbriculidae,2
TN,SWR,oligochaeta,Naididae,
TN,SWR,hirudinea,Glossiphoniidae,
TN,SWR,bivalvia,Pisidiidae,
TN,SWR,acarina,Aturidae,
TN,SWR,acarina,Hydryphantidae,
TN,SWR,acarina,Hygrobatidae,4
TN,SWR,acarina,Lebertiidae,
TN,SWR,acarina,Sarcoptiformes,
TN,SWR,acarina,Sperchontidae,5
TN,SWR,acarina,Torrenticolidae,
TN,SWR,amphipoda,Hyalellidae,
TN,TIC,collembola,Collembola,1
TN,TIC,ephemeroptera,Baetidae,101
TN,TIC,ephemeroptera,Ephemerellidae,14
TN,TIC,ephemeroptera,Heptageniidae,3
TN,TIC,ephemeroptera,Leptophlebiidae,26
TN,TIC,odonata,Gomphidae,
TN,TIC,neuroptera,Sisyridae,3
TN,TIC,lepidoptera,Noctuidae,
TN,TIC,lepidoptera,Pyralidae,
TN,TIC,plecoptera,Capniidae,
TN,TIC,plecoptera,Chloroperlidae,1
TN,TIC,plecoptera,Leuctridae,3
TN,TIC,plecoptera,Perlodidae,2
TN,TIC,trichoptera,Apataniidae,
TN,TIC,trichoptera,Glossosomatidae,
TN,TIC,trichoptera,Hydropsychidae,42
TN,TIC,trichoptera,Hydroptilidae,
TN,TIC,trichoptera,Lepidostomatidae,2
TN,TIC,trichoptera,Leptoceridae,
TN,TIC,trichoptera,Odontoceridae,1
TN,TIC,trichoptera,Philopotamidae,53
TN,TIC,trichoptera,Polycentropodidae,
TN,TIC,trichoptera,Rhyacophilidae,7
TN,TIC,trichoptera,Uenoidae,
TN,TIC,trichoptera,immature,11
TN,TIC,coleoptera,Dytiscidae,
TN,TIC,coleoptera,Elmidae,6
TN,TIC,coleoptera,Gyrinidae,
TN,TIC,diptera,Chironomidae,175
TN,TIC,diptera,Ceratopogonidae,1
TN,TIC,diptera,Dixidae,
TN,TIC,diptera,Empididae,1
TN,TIC,diptera,Muscidae,
TN,TIC,diptera,Nymphomyiidae,3
TN,TIC,diptera,Simuliidae,120
TN,TIC,diptera,Tipulidae,2
TN,TIC,oligochaeta,Enchytraeidae,
TN,TIC,oligochaeta,Lumbriculidae,1
TN,TIC,oligochaeta,Naididae,
TN,TIC,hirudinea,Glossiphoniidae,
TN,TIC,bivalvia,Pisidiidae,
TN,TIC,acarina,Aturidae,
TN,TIC,acarina,Hydryphantidae,
TN,TIC,acarina,Hygrobatidae,
TN,TIC,acarina,Lebertiidae,
TN,TIC,acarina,Sarcoptiformes,
TN,TIC,acarina,Sperchontidae,1
TN,TIC,acarina,Torrenticolidae,1
TN,TIC,amphipoda,Hyalellidae,
