park,site,pebble_number,intermediate_axis,embeddedness
GM,MIT,1,8,
GM,MIT,2,5.5,
GM,MIT,3,6,
GM,MIT,4,6,
GM,MIT,5,7,
GM,MIT,6,11,
GM,MIT,7,7,
GM,MIT,8,6,
GM,MIT,9,6,
GM,MIT,10,7,25
GM,MIT,11,4,
GM,MIT,12,5,
GM,MIT,13,8,
GM,MIT,14,8,
GM,MIT,15,10,
GM,MIT,16,10,
GM,MIT,17,7,
GM,MIT,18,4,
GM,MIT,19,3,
GM,MIT,20,4,25
GM,MIT,21,6,
GM,MIT,22,7,
GM,MIT,23,3,
GM,MIT,24,3,
GM,MIT,25,4,
GM,MIT,26,3,
GM,MIT,27,5,
GM,MIT,28,2,
GM,MIT,29,4,
GM,MIT,30,11,75
GM,MIT,31,4,
GM,MIT,32,4,
GM,MIT,33,6,
GM,MIT,34,4,
GM,MIT,35,4,
GM,MIT,36,3,
GM,MIT,37,10,
GM,MIT,38,11,
GM,MIT,39,5,
GM,MIT,40,10,75
GM,MIT,41,11,
GM,MIT,42,8,
GM,MIT,43,7,
GM,MIT,44,7,
GM,MIT,45,6,
GM,MIT,46,4,
GM,MIT,47,2,
GM,MIT,48,5,
GM,MIT,49,7,
GM,MIT,50,5,0
GM,MIT,51,6,
GM,MIT,52,7,
GM,MIT,53,3,
GM,MIT,54,8,
GM,MIT,55,10,
GM,MIT,56,10,
GM,MIT,57,4,
GM,MIT,58,10,
GM,MIT,59,4,
GM,MIT,60,4,0
GM,MIT,61,6,
GM,MIT,62,12,
GM,MIT,63,6,
GM,MIT,64,8,
GM,MIT,65,3,
GM,MIT,66,3,
GM,MIT,67,3,
GM,MIT,68,7,
GM,MIT,69,9,
GM,MIT,70,4,25
GM,MIT,71,19,
GM,MIT,72,4,
GM,MIT,73,6,
GM,MIT,74,8,
GM,MIT,75,3,
GM,MIT,76,3,
GM,MIT,77,8,
GM,MIT,78,4,
GM,MIT,79,6,
GM,MIT,80,7,0
GM,MIT,81,6,
GM,MIT,82,11,
GM,MIT,83,7,
GM,MIT,84,6,
GM,MIT,85,6,
GM,MIT,86,2,
GM,MIT,87,3,
GM,MIT,88,11,
GM,MIT,89,6,
GM,MIT,90,12,0
GM,MIT,91,4,
GM,MIT,92,2,
GM,MIT,93,6,
GM,MIT,94,6,
GM,MIT,95,6,
GM,MIT,96,11,
GM,MIT,97,7,
GM,MIT,98,4,
GM,MIT,99,6,
GM,MIT,100,5,0
GM,SLA,1,13,
GM,SLA,2,4,
GM,SLA,3,9,
GM,SLA,4,8,
GM,SLA,5,3,
GM,SLA,6,2,
GM,SLA,7,11,
GM,SLA,8,7,
GM,SLA,9,3,
GM,SLA,10,5,25
GM,SLA,11,4,
GM,SLA,12,6,
GM,SLA,13,10,
GM,SLA,14,4,
GM,SLA,15,1,
GM,SLA,16,4,
GM,SLA,17,6,
GM,SLA,18,3,
GM,SLA,19,17,
GM,SLA,20,4,0
GM,SLA,21,6,
GM,SLA,22,15,
GM,SLA,23,2,
GM,SLA,24,5,
GM,SLA,25,5,
GM,SLA,26,6,
GM,SLA,27,5,
GM,SLA,28,19,
GM,SLA,29,10,
GM,SLA,30,3,75
GM,SLA,31,3,
GM,SLA,32,3,
GM,SLA,33,2,
GM,SLA,34,8,
GM,SLA,35,8,
GM,SLA,36,7,
GM,SLA,37,2,
GM,SLA,38,3,
GM,SLA,39,1,
GM,SLA,40,4,25
GM,SLA,41,9,
GM,SLA,42,7,
GM,SLA,43,4,
GM,SLA,44,4,
GM,SLA,45,10,
GM,SLA,46,11,
GM,SLA,47,5,
GM,SLA,48,3,
GM,SLA,49,2,
GM,SLA,50,1,50
GM,SLA,51,9,
GM,SLA,52,6,
GM,SLA,53,5,
GM,SLA,54,3,
GM,SLA,55,2,
GM,SLA,56,4,
GM,SLA,57,6,
GM,SLA,58,2,
GM,SLA,59,3,
GM,SLA,60,1,25
GM,SLA,61,2,
GM,SLA,62,3,
GM,SLA,63,4,
GM,SLA,64,2,
GM,SLA,65,4,
GM,SLA,66,3,
GM,SLA,67,1,
GM,SLA,68,3,
GM,SLA,69,2,
GM,SLA,70,1,25
GM,SLA,71,6,
GM,SLA,72,3,
GM,SLA,73,7,
GM,SLA,74,4,
GM,SLA,75,3,
GM,SLA,76,21,
GM,SLA,77,17,
GM,SLA,78,4,
GM,SLA,79,6,
GM,SLA,80,4,25
GM,SLA,81,3,
GM,SLA,82,13,
GM,SLA,83,3,
GM,SLA,84,9,
GM,SLA,85,15,
GM,SLA,86,6,
GM,SLA,87,5,
GM,SLA,88,8,
GM,SLA,89,3,
GM,SLA,90,6,75
GM,SLA,91,4,
GM,SLA,92,2,
GM,SLA,93,5,
GM,SLA,94,4,
GM,SLA,95,2,
GM,SLA,96,3,
GM,SLA,97,2,
GM,SLA,98,2,
GM,SLA,99,3,
GM,SLA,100,2,45
GM,RHB,1,3,
GM,RHB,2,4,
GM,RHB,3,5,
GM,RHB,4,3,
GM,RHB,5,4,
GM,RHB,6,5,
GM,RHB,7,5,
GM,RHB,8,4,
GM,RHB,9,5,
GM,RHB,10,6,50
GM,RHB,11,2,
GM,RHB,12,5,
GM,RHB,13,6,
GM,RHB,14,6,
GM,RHB,15,3,
GM,RHB,16,3,
GM,RHB,17,6,
GM,RHB,18,4,
GM,RHB,19,5,
GM,RHB,20,3,50
GM,RHB,21,2,
GM,RHB,22,4,
GM,RHB,23,4,
GM,RHB,24,7,
GM,RHB,25,2,
GM,RHB,26,1,
GM,RHB,27,1,
GM,RHB,28,5,
GM,RHB,29,5,
GM,RHB,30,4,25
GM,RHB,31,5,
GM,RHB,32,7,
GM,RHB,33,6,
GM,RHB,34,5,
GM,RHB,35,5,
GM,RHB,36,3,
GM,RHB,37,6,
GM,RHB,38,5,
GM,RHB,39,3,
GM,RHB,40,6,25
GM,RHB,41,6,
GM,RHB,42,7,
GM,RHB,43,4,
GM,RHB,44,4,
GM,RHB,45,3,
GM,RHB,46,5,
GM,RHB,47,7,
GM,RHB,48,1,
GM,RHB,49,1,
GM,RHB,50,4,50
GM,RHB,51,4,
GM,RHB,52,1,
GM,RHB,53,2,
GM,RHB,54,2,
GM,RHB,55,2,
GM,RHB,56,4,
GM,RHB,57,4,
GM,RHB,58,2,
GM,RHB,59,3,
GM,RHB,60,2,25
GM,RHB,61,3,
GM,RHB,62,3,
GM,RHB,63,3,
GM,RHB,64,4,
GM,RHB,65,3,
GM,RHB,66,4,
GM,RHB,67,2,
GM,RHB,68,2,
GM,RHB,69,3,
GM,RHB,70,2,50
GM,RHB,71,5,
GM,RHB,72,3,
GM,RHB,73,2,
GM,RHB,74,2,
GM,RHB,75,3,
GM,RHB,76,2,
GM,RHB,77,2,
GM,RHB,78,2,
GM,RHB,79,4,
GM,RHB,80,3,25
GM,RHB,81,3,
GM,RHB,82,3,
GM,RHB,83,3,
GM,RHB,84,5,
GM,RHB,85,5,
GM,RHB,86,3,
GM,RHB,87,3,
GM,RHB,88,5,
GM,RHB,89,4,
GM,RHB,90,2,25
GM,RHB,91,3,
GM,RHB,92,3,
GM,RHB,93,3,
GM,RHB,94,3,
GM,RHB,95,3,
GM,RHB,96,2,
GM,RHB,97,2,
GM,RHB,98,5,
GM,RHB,99,2,
GM,RHB,100,3,25
GM,TUK,1,4,
GM,TUK,2,6,
GM,TUK,3,7,
GM,TUK,4,5,
GM,TUK,5,8,
GM,TUK,6,8,
GM,TUK,7,9,
GM,TUK,8,11,
GM,TUK,9,8,
GM,TUK,10,5,25
GM,TUK,11,12,
GM,TUK,12,8,
GM,TUK,13,7,
GM,TUK,14,7,
GM,TUK,15,13,
GM,TUK,16,6,
GM,TUK,17,9,
GM,TUK,18,9,
GM,TUK,19,8,
GM,TUK,20,7,75
GM,TUK,21,8,
GM,TUK,22,6,
GM,TUK,23,9,
GM,TUK,24,8,
GM,TUK,25,7,
GM,TUK,26,8,
GM,TUK,27,5,
GM,TUK,28,4,
GM,TUK,29,8,
GM,TUK,30,10,0
GM,TUK,31,7,
GM,TUK,32,5,
GM,TUK,33,7,
GM,TUK,34,4,
GM,TUK,35,6,
GM,TUK,36,9,
GM,TUK,37,7,
GM,TUK,38,9,
GM,TUK,39,5,
GM,TUK,40,11,50
GM,TUK,41,7,
GM,TUK,42,8,
GM,TUK,43,6,
GM,TUK,44,4,
GM,TUK,45,7,
GM,TUK,46,3,
GM,TUK,47,6,
GM,TUK,48,5,
GM,TUK,49,8,
GM,TUK,50,4,50
GM,TUK,51,8,
GM,TUK,52,6,
GM,TUK,53,7,
GM,TUK,54,6,
GM,TUK,55,7,
GM,TUK,56,5,
GM,TUK,57,4,
GM,TUK,58,7,
GM,TUK,59,6,
GM,TUK,60,8,75
GM,TUK,61,6,
GM,TUK,62,6,
GM,TUK,63,3,
GM,TUK,64,4,
GM,TUK,65,7,
GM,TUK,66,5,
GM,TUK,67,7,
GM,TUK,68,6,
GM,TUK,69,4,
GM,TUK,70,4,0
GM,TUK,71,7,
GM,TUK,72,7,
GM,TUK,73,4,
GM,TUK,74,8,
GM,TUK,75,6,
GM,TUK,76,10,
GM,TUK,77,6,
GM,TUK,78,5,
GM,TUK,79,6,
GM,TUK,80,10,25
GM,TUK,81,7,
GM,TUK,82,11,
GM,TUK,83,8,
GM,TUK,84,5,
GM,TUK,85,6,
GM,TUK,86,9,
GM,TUK,87,7,
GM,TUK,88,5,
GM,TUK,89,4,
GM,TUK,90,7,25
GM,TUK,91,9,
GM,TUK,92,4,
GM,TUK,93,4,
GM,TUK,94,55,
GM,TUK,95,6,
GM,TUK,96,6,
GM,TUK,97,7,
GM,TUK,98,8,
GM,TUK,99,7,
GM,TUK,100,6,25
GM,GMS,1,3,
GM,GMS,2,13,
GM,GMS,3,4,
GM,GMS,4,3,
GM,GMS,5,5,
GM,GMS,6,5,
GM,GMS,7,3,
GM,GMS,8,3,
GM,GMS,9,6,
GM,GMS,10,2,0
GM,GMS,11,5,
GM,GMS,12,5,
GM,GMS,13,4,
GM,GMS,14,3,
GM,GMS,15,7,
GM,GMS,16,6,
GM,GMS,17,8,
GM,GMS,18,5,
GM,GMS,19,3,
GM,GMS,20,5,50
GM,GMS,21,15,
GM,GMS,22,7,
GM,GMS,23,5,
GM,GMS,24,2,
GM,GMS,25,13,
GM,GMS,26,1,
GM,GMS,27,4,
GM,GMS,28,5,
GM,GMS,29,7,
GM,GMS,30,6,75
GM,GMS,31,2,
GM,GMS,32,4,
GM,GMS,33,4,
GM,GMS,34,2,
GM,GMS,35,8,
GM,GMS,36,4,
GM,GMS,37,6,
GM,GMS,38,6,
GM,GMS,39,7,
GM,GMS,40,13,25
GM,GMS,41,4,
GM,GMS,42,7,
GM,GMS,43,9,
GM,GMS,44,3,
GM,GMS,45,2,
GM,GMS,46,11,
GM,GMS,47,20,
GM,GMS,48,6,
GM,GMS,49,8,
GM,GMS,50,6,0
GM,GMS,51,6,
GM,GMS,52,11,
GM,GMS,53,15,
GM,GMS,54,11,
GM,GMS,55,10,
GM,GMS,56,4,
GM,GMS,57,3,
GM,GMS,58,6,
GM,GMS,59,3,
GM,GMS,60,5,0
GM,GMS,61,8,
GM,GMS,62,6,
GM,GMS,63,4,
GM,GMS,64,1,
GM,GMS,65,5,
GM,GMS,66,10,
GM,GMS,67,3,
GM,GMS,68,4,
GM,GMS,69,4,
GM,GMS,70,4,50
GM,GMS,71,9,
GM,GMS,72,15,
GM,GMS,73,5,
GM,GMS,74,7,
GM,GMS,75,3,
GM,GMS,76,11,
GM,GMS,77,5,
GM,GMS,78,2,
GM,GMS,79,4,
GM,GMS,80,5,0
GM,GMS,81,6,
GM,GMS,82,2,
GM,GMS,83,2,
GM,GMS,84,6,
GM,GMS,85,2,
GM,GMS,86,1,
GM,GMS,87,6,
GM,GMS,88,6,
GM,GMS,89,7,
GM,GMS,90,3,50
GM,GMS,91,8,
GM,GMS,92,6,
GM,GMS,93,3,
GM,GMS,94,5,
GM,GMS,95,5,
GM,GMS,96,3,
GM,GMS,97,14,
GM,GMS,98,6,
GM,GMS,99,3,
GM,GMS,100,7,75
GM,MAC,1,6,
GM,MAC,2,9,
GM,MAC,3,9,
GM,MAC,4,10,
GM,MAC,5,4,
GM,MAC,6,7,
GM,MAC,7,8,
GM,MAC,8,4,
GM,MAC,9,3,
GM,MAC,10,6,75
GM,GMS,11,9,
GM,MAC,12,9,
GM,MAC,13,4,
GM,MAC,14,7,
GM,MAC,15,9,
GM,MAC,16,5,
GM,MAC,17,4,
GM,MAC,18,6,
GM,MAC,19,10,
GM,MAC,20,4,75
GM,MAC,21,4,
GM,MAC,22,8,
GM,MAC,23,14,
GM,MAC,24,10,
GM,MAC,25,6,
GM,MAC,26,6,
GM,MAC,27,7,
GM,MAC,28,8,
GM,MAC,29,5,
GM,MAC,30,9,25
GM,MAC,31,9,
GM,MAC,32,7,
GM,MAC,33,3,
GM,MAC,34,6,
GM,MAC,35,10,
GM,MAC,36,3,
GM,MAC,37,9,
GM,MAC,38,5,
GM,MAC,39,6,
GM,MAC,40,13,25
GM,MAC,41,5,
GM,MAC,42,7,
GM,MAC,43,7,
GM,MAC,44,7,
GM,MAC,45,9,
GM,MAC,46,6,
GM,MAC,47,5,
GM,MAC,48,6,
GM,MAC,49,9,
GM,MAC,50,4,NA
GM,MAC,51,10,
GM,MAC,52,6,
GM,MAC,53,7,
GM,MAC,54,6,
GM,MAC,55,10,
GM,MAC,56,11,
GM,MAC,57,5,
GM,MAC,58,7,
GM,MAC,59,10,
GM,MAC,60,5,0
GM,MAC,61,6,
GM,MAC,62,12,
GM,MAC,63,12,
GM,MAC,64,14,
GM,MAC,65,7,
GM,MAC,66,5,
GM,MAC,67,9,
GM,MAC,68,4,
GM,MAC,69,4,
GM,MAC,70,15,75
GM,MAC,71,10,
GM,MAC,72,9,
GM,MAC,73,5,
GM,MAC,74,7,
GM,MAC,75,4,
GM,MAC,76,7,
GM,MAC,77,8,
GM,MAC,78,4,
GM,MAC,79,12,
GM,MAC,80,4,25
GM,MAC,81,6,
GM,MAC,82,13,
GM,MAC,83,7,
GM,MAC,84,6,
GM,MAC,85,3,
GM,MAC,86,6,
GM,MAC,87,10,
GM,MAC,88,5,
GM,MAC,89,7,
GM,MAC,90,9,50
GM,MAC,91,9,
GM,MAC,92,7,
GM,MAC,93,4,
GM,MAC,94,7,
GM,MAC,95,7,
GM,MAC,96,7,
GM,MAC,97,7,
GM,MAC,98,9,
GM,MAC,99,5,
GM,MAC,100,5,25
GM,LOM,1,5,
GM,LOM,2,5,
GM,LOM,3,6,
GM,LOM,4,5,
GM,LOM,5,3,
GM,LOM,6,11,
GM,LOM,7,6,
GM,LOM,8,4,
GM,LOM,9,8,
GM,LOM,10,8,0
GM,LOM,11,10,
GM,LOM,12,6,
GM,LOM,13,7,
GM,LOM,14,5,
GM,LOM,15,5,
GM,LOM,16,7,
GM,LOM,17,4,
GM,LOM,18,9,
GM,LOM,19,6,
GM,LOM,20,12,50
GM,LOM,21,7,
GM,LOM,22,5,
GM,LOM,23,6,
GM,LOM,24,6,
GM,LOM,25,6,
GM,LOM,26,4,
GM,LOM,27,6,
GM,LOM,28,6,
GM,LOM,29,7,
GM,LOM,30,5,25
GM,LOM,31,8,
GM,LOM,32,6,
GM,LOM,33,7,
GM,LOM,34,9,
GM,LOM,35,5,
GM,LOM,36,5,
GM,LOM,37,6,
GM,LOM,38,6,
GM,LOM,39,7,
GM,LOM,40,16,50
GM,LOM,41,9,
GM,LOM,42,14,
GM,LOM,43,12,
GM,LOM,44,3,
GM,LOM,45,4,
GM,LOM,46,4,
GM,LOM,47,7,
GM,LOM,48,5,
GM,LOM,49,8,
GM,LOM,50,4,75
GM,LOM,51,7,
GM,LOM,52,5,
GM,LOM,53,6,
GM,LOM,54,5,
GM,LOM,55,5,
GM,LOM,56,6,
GM,LOM,57,4,
GM,LOM,58,8,
GM,LOM,59,5,
GM,LOM,60,4,50
GM,LOM,61,6,
GM,LOM,62,6,
GM,LOM,63,6,
GM,LOM,64,9,
GM,LOM,65,7,
GM,LOM,66,7,
GM,LOM,67,3,
GM,LOM,68,6,
GM,LOM,69,5,
GM,LOM,70,5,0
GM,LOM,71,8,
GM,LOM,72,6,
GM,LOM,73,6,
GM,LOM,74,8,
GM,LOM,75,6,
GM,LOM,76,7,
GM,LOM,77,9,
GM,LOM,78,6,
GM,LOM,79,6,
GM,LOM,80,7,25
GM,LOM,81,6,
GM,LOM,82,3,
GM,LOM,83,4,
GM,LOM,84,3,
GM,LOM,85,4,
GM,LOM,86,16,
GM,LOM,87,4,
GM,LOM,88,7,
GM,LOM,89,3,
GM,LOM,90,4,25
GM,LOM,91,14,
GM,LOM,92,9,
GM,LOM,93,6,
GM,LOM,94,8,
GM,LOM,95,7,
GM,LOM,96,5,
GM,LOM,97,6,
GM,LOM,98,9,
GM,LOM,99,7,
GM,LOM,100,4,25
GM,MAS,1,11,
GM,MAS,2,14,
GM,MAS,3,6,
GM,MAS,4,5,
GM,MAS,5,8,
GM,MAS,6,2,
GM,MAS,7,6,
GM,MAS,8,4,
GM,MAS,9,5,
GM,MAS,10,6,50
GM,MAS,11,3,
GM,MAS,12,5,
GM,MAS,13,5,
GM,MAS,14,2,
GM,MAS,15,4,
GM,MAS,16,5,
GM,MAS,17,2,
GM,MAS,18,5,
GM,MAS,19,5,
GM,MAS,20,5,25
GM,MAS,21,5,
GM,MAS,22,4,
GM,MAS,23,5,
GM,MAS,24,7,
GM,MAS,25,11,
GM,MAS,26,5,
GM,MAS,27,3,
GM,MAS,28,4,
GM,MAS,29,5,
GM,MAS,30,3,25
GM,MAS,31,5,
GM,MAS,32,6,
GM,MAS,33,4,
GM,MAS,34,9,
GM,MAS,35,12,
GM,MAS,36,11,
GM,MAS,37,12,
GM,MAS,38,9,
GM,MAS,39,11,
GM,MAS,40,2,25
GM,MAS,41,5,
GM,MAS,42,3,
GM,MAS,43,8,
GM,MAS,44,13,
GM,MAS,45,3,
GM,MAS,46,7,
GM,MAS,47,5,
GM,MAS,48,2,
GM,MAS,49,4,
GM,MAS,50,7,50
GM,HOR,1,7,
GM,HOR,2,8,
GM,HOR,3,10,
GM,HOR,4,14,
GM,HOR,5,12,
GM,HOR,6,7,
GM,HOR,7,6,
GM,HOR,8,6,
GM,HOR,9,13,
GM,HOR,10,6,50
GM,HOR,11,10,
GM,HOR,12,10,
GM,HOR,13,10,
GM,HOR,14,9,
GM,HOR,15,12,
GM,HOR,16,10,
GM,HOR,17,8,
GM,HOR,18,7,
GM,HOR,19,11,
GM,HOR,20,8,25
GM,HOR,21,4,
GM,HOR,22,6,
GM,HOR,23,7,
GM,HOR,24,5,
GM,HOR,25,6,
GM,HOR,26,5,
GM,HOR,27,4,
GM,HOR,28,7,
GM,HOR,29,7,
GM,HOR,30,3,25
GM,HOR,31,4,
GM,HOR,32,7,
GM,HOR,33,6,
GM,HOR,34,3,
GM,HOR,35,5,
GM,HOR,36,5,
GM,HOR,37,3,
GM,HOR,38,2,
GM,HOR,39,3,
GM,HOR,40,5,0
GM,HOR,41,6,
GM,HOR,42,5,
GM,HOR,43,6,
GM,HOR,44,7,
GM,HOR,45,6,
GM,HOR,46,7,
GM,HOR,47,6,
GM,HOR,48,7,
GM,HOR,49,7,
GM,HOR,50,6,25
GM,HOR,51,7,
GM,HOR,52,7,
GM,HOR,53,7,
GM,HOR,54,8,
GM,HOR,55,9,
GM,HOR,56,7,
GM,HOR,57,6,
GM,HOR,58,6,
GM,HOR,59,5,
GM,HOR,60,11,50
GM,HOR,61,6,
GM,HOR,62,8,
GM,HOR,63,7,
GM,HOR,64,12,
GM,HOR,65,6,
GM,HOR,66,7,
GM,HOR,67,4,
GM,HOR,68,6,
GM,HOR,69,11,
GM,HOR,70,5,25
GM,HOR,71,6,
GM,HOR,72,10,
GM,HOR,73,8,
GM,HOR,74,7,
GM,HOR,75,11,
GM,HOR,76,9,
GM,HOR,77,14,
GM,HOR,78,6,
GM,HOR,79,9,
GM,HOR,80,14,75
GM,HOR,81,9,
GM,HOR,82,6,
GM,HOR,83,5,
GM,HOR,84,8,
GM,HOR,85,8,
GM,HOR,86,7,
GM,HOR,87,9,
GM,HOR,88,7,
GM,HOR,89,10,
GM,HOR,90,4,0
GM,HOR,91,5,
GM,HOR,92,6,
GM,HOR,93,13,
GM,HOR,94,6,
GM,HOR,95,7,
GM,HOR,96,9,
GM,HOR,97,9,
GM,HOR,98,4,
GM,HOR,99,4,
GM,HOR,100,5,0
GM,BER,1,8,
GM,BER,2,15,
GM,BER,3,10,
GM,BER,4,13,
GM,BER,5,3,
GM,BER,6,8,
GM,BER,7,5,
GM,BER,8,5,
GM,BER,9,4,
GM,BER,10,6,50
GM,BER,11,8,
GM,BER,12,6,
GM,BER,13,9,
GM,BER,14,4,
GM,BER,15,4,
GM,BER,16,4,
GM,BER,17,9,
GM,BER,18,12,
GM,BER,19,9,
GM,BER,20,10,75
GM,BER,21,10,
GM,BER,22,5,
GM,BER,23,7,
GM,BER,24,9,
GM,BER,25,2,
GM,BER,26,2,
GM,BER,27,7,
GM,BER,28,12,
GM,BER,29,4,
GM,BER,30,1,0
GM,BER,31,5,
GM,BER,32,7,
GM,BER,33,13,
GM,BER,34,15,
GM,BER,35,16,
GM,BER,36,2,
GM,BER,37,10,
GM,BER,38,11,
GM,BER,39,5,
GM,BER,40,6,25
GM,BER,41,12,
GM,BER,42,8,
GM,BER,43,5,
GM,BER,44,13,
GM,BER,45,4,
GM,BER,46,3,
GM,BER,47,2,
GM,BER,48,5,
GM,BER,49,4,
GM,BER,50,7,75
GM,BER,51,4,
GM,BER,52,4,
GM,BER,53,5,
GM,BER,54,3,
GM,BER,55,4,
GM,BER,56,5,
GM,BER,57,9,
GM,BER,58,13,
GM,BER,59,6,
GM,BER,60,3,25
GM,BER,61,5,
GM,BER,62,7,
GM,BER,63,4,
GM,BER,64,3,
GM,BER,65,10,
GM,BER,66,4,
GM,BER,67,7,
GM,BER,68,5,
GM,BER,69,8,
GM,BER,70,8,75
GM,WAT,1,11,
GM,WAT,2,3,
GM,WAT,3,3,
GM,WAT,4,3,
GM,WAT,5,3,
GM,WAT,6,4,
GM,WAT,7,6,
GM,WAT,8,6,
GM,WAT,9,7,
GM,WAT,10,14,50
GM,WAT,11,6,
GM,WAT,12,2,
GM,WAT,13,7,
GM,WAT,14,3,
GM,WAT,15,3,
GM,WAT,16,10,
GM,WAT,17,7,
GM,WAT,18,9,
GM,WAT,19,8,
GM,WAT,20,5,0
GM,WAT,21,3,
GM,WAT,22,7,
GM,WAT,23,3,
GM,WAT,24,3,
GM,WAT,25,6,
GM,WAT,26,11,
GM,WAT,27,2,
GM,WAT,28,9,
GM,WAT,29,5,
GM,WAT,30,7,25
GM,WAT,31,7,
GM,WAT,32,4,
GM,WAT,33,3,
GM,WAT,34,11,
GM,WAT,35,7,
GM,WAT,36,4,
GM,WAT,37,1,
GM,WAT,38,3,
GM,WAT,39,4,
GM,WAT,40,9,25
GM,WAT,41,2,
GM,WAT,42,2,
GM,WAT,43,5,
GM,WAT,44,4,
GM,WAT,45,9,
GM,WAT,46,3,
GM,WAT,47,4,
GM,WAT,48,4,
GM,WAT,49,5,
GM,WAT,50,4,0
GM,WAT,51,4,
GM,WAT,52,3,
GM,WAT,53,9,
GM,WAT,54,14,
GM,WAT,55,8,
GM,WAT,56,6,
GM,WAT,57,4,
GM,WAT,58,18,
GM,WAT,59,7,
GM,WAT,60,7,0
GM,WAT,61,15,
GM,WAT,62,11,
GM,WAT,63,14,
GM,WAT,64,3,
GM,WAT,65,4,
GM,WAT,66,4,
GM,WAT,67,18,
GM,WAT,68,5,
GM,WAT,69,9,
GM,WAT,70,18,75
GM,WAT,71,7,
GM,WAT,72,16,
GM,WAT,73,4,
GM,WAT,74,4,
GM,WAT,75,3,
GM,WAT,76,7,
GM,WAT,77,8,
GM,WAT,78,4,
GM,WAT,79,12,
GM,WAT,80,8,0
GM,WAT,81,7,
GM,WAT,82,7,
GM,WAT,83,6,
GM,WAT,84,18,
GM,WAT,85,4,
GM,WAT,86,8,
GM,WAT,87,8,
GM,WAT,88,6,
GM,WAT,89,4,
GM,WAT,90,6,50
GM,WAT,91,11,
GM,WAT,92,6,
GM,WAT,93,4,
GM,WAT,94,5,
GM,WAT,95,6,
GM,WAT,96,4,
GM,WAT,97,7,
GM,WAT,98,6,
GM,WAT,99,7,
GM,WAT,100,7,50
GM,CCR,1,5,
GM,CCR,2,8,
GM,CCR,3,7,
GM,CCR,4,8,
GM,CCR,5,9,
GM,CCR,6,6,
GM,CCR,7,11,
GM,CCR,8,4,
GM,CCR,9,11,
GM,CCR,10,5,0
GM,CCR,11,6,
GM,CCR,12,9,
GM,CCR,13,7,
GM,CCR,14,5,
GM,CCR,15,8,
GM,CCR,16,6,
GM,CCR,17,6,
GM,CCR,18,7,
GM,CCR,19,7,
GM,CCR,20,6,0
GM,CCR,21,12,
GM,CCR,22,8,
GM,CCR,23,7,
GM,CCR,24,6,
GM,CCR,25,5,
GM,CCR,26,13,
GM,CCR,27,9,
GM,CCR,28,4,
GM,CCR,29,7,
GM,CCR,30,5,50
GM,CCR,31,5,
GM,CCR,32,7,
GM,CCR,33,8,
GM,CCR,34,3,
GM,CCR,35,6,
GM,CCR,36,6,
GM,CCR,37,5,
GM,CCR,38,3,
GM,CCR,39,7,
GM,CCR,40,5,0
GM,CCR,41,7,
GM,CCR,42,8,
GM,CCR,43,5,
GM,CCR,44,4,
GM,CCR,45,8,
GM,CCR,46,6,
GM,CCR,47,7,
GM,CCR,48,5,
GM,CCR,49,6,
GM,CCR,50,6,0
GM,CCR,51,6,
GM,CCR,52,6,
GM,CCR,53,5,
GM,CCR,54,7,
GM,CCR,55,4,
GM,CCR,56,10,
GM,CCR,57,5,
GM,CCR,58,8,
GM,CCR,59,8,
GM,CCR,60,6,25
GM,CCR,61,6,
GM,CCR,62,3,
GM,CCR,63,5,
GM,CCR,64,4,
GM,CCR,65,5,
GM,CCR,66,4,
GM,CCR,67,8,
GM,CCR,68,8,
GM,CCR,69,5,
GM,CCR,70,9,25
GM,CCR,71,6,
GM,CCR,72,7,
GM,CCR,73,7,
GM,CCR,74,6,
GM,CCR,75,7,
GM,CCR,76,6,
GM,CCR,77,11,
GM,CCR,78,5,
GM,CCR,79,3,
GM,CCR,80,5,25
GM,CCR,81,5,
GM,CCR,82,7,
GM,CCR,83,8,
GM,CCR,84,2,
GM,CCR,85,3,
GM,CCR,86,5,
GM,CCR,87,5,
GM,CCR,88,7,
GM,CCR,89,2,
GM,CCR,90,5,0
GM,CCR,91,6,
GM,CCR,92,5,
GM,CCR,93,4,
GM,CCR,94,6,
GM,CCR,95,4,
GM,CCR,96,8,
GM,CCR,97,5,
GM,CCR,98,6,
GM,CCR,99,6,
GM,CCR,100,8,25
GM,BRY,1,1,
GM,BRY,2,1,
GM,BRY,3,2,
GM,BRY,4,1,
GM,BRY,5,2,
GM,BRY,6,2,
GM,BRY,7,1,
GM,BRY,8,2,
GM,BRY,9,2,
GM,BRY,10,3,0
GM,BRY,11,1,
GM,BRY,12,2,
GM,BRY,13,3,
GM,BRY,14,7,
GM,BRY,15,2,
GM,BRY,16,8,
GM,BRY,17,3,
GM,BRY,18,5,
GM,BRY,19,3,
GM,BRY,20,9,50
GM,BRY,21,2,
GM,BRY,22,4,
GM,BRY,23,9,
GM,BRY,24,9,
GM,BRY,25,4,
GM,BRY,26,16,
GM,BRY,27,12,
GM,BRY,28,6,
GM,BRY,29,8,
GM,BRY,30,5,0
GM,BRY,31,10,
GM,BRY,32,5,
GM,BRY,33,4,
GM,BRY,34,1,
GM,BRY,35,3,
GM,BRY,36,2,
GM,BRY,37,2,
GM,BRY,38,4,
GM,BRY,39,8,
GM,BRY,40,3,0
GM,BRY,41,3,
GM,BRY,42,5,
GM,BRY,43,3,
GM,BRY,44,8,
GM,BRY,45,2,
GM,BRY,46,9,
GM,BRY,47,2,
GM,BRY,48,7,
GM,BRY,49,2,
GM,BRY,50,1,0
GM,BRY,51,2,
GM,BRY,52,1,
GM,BRY,53,3,
GM,BRY,54,1,
GM,BRY,55,1,
GM,BRY,56,3,
GM,BRY,57,2,
GM,BRY,58,3,
GM,BRY,59,4,
GM,BRY,60,4,0
GM,BRY,61,4,
GM,BRY,62,3,
GM,BRY,63,5,
GM,BRY,64,6,
GM,BRY,65,9,
GM,BRY,66,5,
GM,BRY,67,5,
GM,BRY,68,6,
GM,BRY,69,6,
GM,BRY,70,13,75
GM,BRY,71,5,
GM,BRY,72,4,
GM,BRY,73,4,
GM,BRY,74,3,
GM,BRY,75,14,
GM,BRY,76,7,
GM,BRY,77,5,
GM,BRY,78,9,
GM,BRY,79,11,
GM,BRY,80,9,0
GM,BRY,81,2,
GM,BRY,82,2,
GM,BRY,83,8,
GM,BRY,84,3,
GM,BRY,85,1,
GM,BRY,86,2,
GM,BRY,87,4,
GM,BRY,88,1,
GM,BRY,89,2,
GM,BRY,90,5,75
GM,BRY,91,2,
GM,BRY,92,2,
GM,BRY,93,3,
GM,BRY,94,10,
GM,BRY,95,11,
GM,BRY,96,7,
GM,BRY,97,4,
GM,BRY,98,7,
GM,BRY,99,5,
GM,BRY,100,4,0
GM,HCT,1,12,
GM,HCT,2,5,
GM,HCT,3,7,
GM,HCT,4,6,
GM,HCT,5,7,
GM,HCT,6,8,
GM,HCT,7,9,
GM,HCT,8,5,
GM,HCT,9,7,
GM,HCT,10,8,0
GM,HCT,11,8,
GM,HCT,12,7,
GM,HCT,13,2,
GM,HCT,14,10,
GM,HCT,15,7,
GM,HCT,16,6,
GM,HCT,17,6,
GM,HCT,18,5,
GM,HCT,19,7,
GM,HCT,20,6,25
GM,HCT,21,9,
GM,HCT,22,9,
GM,HCT,23,8,
GM,HCT,24,5,
GM,HCT,25,3,
GM,HCT,26,7,
GM,HCT,27,9,
GM,HCT,28,4,
GM,HCT,29,5,
GM,HCT,30,5,25
GM,HCT,31,6,
GM,HCT,32,7,
GM,HCT,33,7,
GM,HCT,34,4,
GM,HCT,35,3,
GM,HCT,36,5,
GM,HCT,37,11,
GM,HCT,38,4,
GM,HCT,39,3,
GM,HCT,40,6,
GM,HCT,41,4,
GM,HCT,42,8,50
GM,HCT,43,6,
GM,HCT,44,6,
GM,HCT,45,6,
GM,HCT,46,11,
GM,HCT,47,6,
GM,HCT,48,7,
GM,HCT,49,7,
GM,HCT,50,4,75
GM,HCT,51,10,
GM,HCT,52,5,
GM,HCT,53,3,
GM,HCT,54,5,
GM,HCT,55,9,
GM,HCT,56,5,
GM,HCT,57,10,
GM,HCT,58,3,
GM,HCT,59,4,
GM,HCT,60,8,25
GM,HCT,61,7,
GM,HCT,62,8,
GM,HCT,63,7,
GM,HCT,64,4,
GM,HCT,65,9,
GM,HCT,66,6,
GM,HCT,67,6,
GM,HCT,68,7,
GM,HCT,69,11,
GM,HCT,70,4,0
GM,HCT,71,9,
GM,HCT,72,4,
GM,HCT,73,6,
GM,HCT,74,5,
GM,HCT,75,6,
GM,HCT,76,7,
GM,HCT,77,7,
GM,HCT,78,4,
GM,HCT,79,5,
GM,HCT,80,8,0
GM,HCT,81,5,
GM,HCT,82,6,
GM,HCT,83,8,
GM,HCT,84,6,
GM,HCT,85,7,
GM,HCT,86,6,
GM,HCT,87,7,
GM,HCT,88,6,
GM,HCT,89,6,
GM,HCT,90,5,0
GM,HCT,91,6,
GM,HCT,92,8,
GM,HCT,93,9,
GM,HCT,94,6,
GM,HCT,95,9,
GM,HCT,96,6,
GM,HCT,97,6,
GM,HCT,98,8,
GM,HCT,99,6,
GM,HCT,100,8,50
TN,ARB,1,7,
TN,ARB,2,11,
TN,ARB,3,6,
TN,ARB,4,4,
TN,ARB,5,3,
TN,ARB,6,4,
TN,ARB,7,7,
TN,ARB,8,6,
TN,ARB,9,9,
TN,ARB,10,13,25
TN,ARB,11,14,
TN,ARB,12,3,
TN,ARB,13,4,
TN,ARB,14,6,
TN,ARB,15,8,
TN,ARB,16,6,
TN,ARB,17,9,
TN,ARB,18,7,
TN,ARB,19,10,
TN,ARB,20,9,75
TN,ARB,21,8,
TN,ARB,22,9,
TN,ARB,23,8,
TN,ARB,24,7,
TN,ARB,25,12,
TN,ARB,26,10,
TN,ARB,27,14,
TN,ARB,28,7,
TN,ARB,29,9,
TN,ARB,30,13,75
TN,ARB,31,7,
TN,ARB,32,7,
TN,ARB,33,7,
TN,ARB,34,7,
TN,ARB,35,8,
TN,ARB,36,6,
TN,ARB,37,4,
TN,ARB,38,6,
TN,ARB,39,9,
TN,ARB,40,11,
TN,ARB,41,7,
TN,ARB,42,7,25
TN,ARB,43,8,
TN,ARB,44,5,
TN,ARB,45,6,
TN,ARB,46,8,
TN,ARB,47,5,
TN,ARB,48,5,
TN,ARB,49,8,
TN,ARB,50,10,25
TN,ARB,51,5,
TN,ARB,52,3,
TN,ARB,53,6,
TN,ARB,54,7,
TN,ARB,55,4,
TN,ARB,56,3,
TN,ARB,57,7,
TN,ARB,58,10,
TN,ARB,59,7,
TN,ARB,60,5,0
TN,ARB,61,7,
TN,ARB,62,5,
TN,ARB,63,9,
TN,ARB,64,6,
TN,ARB,65,7,
TN,ARB,66,4,
TN,ARB,67,4,
TN,ARB,68,8,
TN,ARB,69,6,
TN,ARB,70,10,50
TN,ARB,71,9,
TN,ARB,72,3,
TN,ARB,73,7,
TN,ARB,74,11,
TN,ARB,75,12,
TN,ARB,76,7,
TN,ARB,77,5,
TN,ARB,78,5,
TN,ARB,79,10,
TN,ARB,80,8,75
TN,ARB,81,6,
TN,ARB,82,6,
TN,ARB,83,12,
TN,ARB,84,12,
TN,ARB,85,8,
TN,ARB,86,5,
TN,ARB,87,6,
TN,ARB,88,7,
TN,ARB,89,11,
TN,ARB,90,8,75
TN,ARB,91,7,
TN,ARB,92,7,
TN,ARB,93,11,
TN,ARB,94,8,
TN,ARB,95,5,
TN,ARB,96,4,
TN,ARB,97,7,
TN,ARB,98,4,
TN,ARB,99,3,
TN,ARB,100,5,25
TN,CHR,1,11,
TN,CHR,2,15,
TN,CHR,3,9,
TN,CHR,4,9,
TN,CHR,5,9,
TN,CHR,6,13,
TN,CHR,7,8,
TN,CHR,8,7,
TN,CHR,9,3,
TN,CHR,10,6,0
TN,CHR,11,5,
TN,CHR,12,8,
TN,CHR,13,11,
TN,CHR,14,12,
TN,CHR,15,13,
TN,CHR,16,15,
TN,CHR,17,4,
TN,CHR,18,13,
TN,CHR,19,6,
TN,CHR,20,6,50
TN,CHR,21,6,
TN,CHR,22,7,
TN,CHR,23,10,
TN,CHR,24,7,
TN,CHR,25,6,
TN,CHR,26,10,
TN,CHR,27,6,
TN,CHR,28,16,
TN,CHR,29,5,
TN,CHR,30,12,
TN,CHR,31,5,0
TN,CHR,32,9,
TN,CHR,33,10,
TN,CHR,34,7,
TN,CHR,35,10,
TN,CHR,36,8,
TN,CHR,37,6,
TN,CHR,38,10,
TN,CHR,39,7,
TN,CHR,40,13,75
TN,CHR,41,5,
TN,CHR,42,8,
TN,CHR,43,8,
TN,CHR,44,5,
TN,CHR,45,7,
TN,CHR,46,6,
TN,CHR,47,13,
TN,CHR,48,9,
TN,CHR,49,10,
TN,CHR,50,8,
TN,CHR,51,14,75
TN,CHR,52,11,
TN,CHR,53,15,
TN,CHR,54,9,
TN,CHR,55,4,
TN,CHR,56,9,
TN,CHR,57,6,
TN,CHR,58,5,
TN,CHR,59,9,
TN,CHR,60,9,25
TN,CHR,61,13,
TN,CHR,62,4,
TN,CHR,63,7,
TN,CHR,64,6,
TN,CHR,65,5,
TN,CHR,66,15,
TN,CHR,67,7,
TN,CHR,68,16,
TN,CHR,69,8,
TN,CHR,70,14,0
TN,CHR,71,10,
TN,CHR,72,13,
TN,CHR,73,5,
TN,CHR,74,10,
TN,CHR,75,11,
TN,CHR,76,10,
TN,CHR,77,9,
TN,CHR,78,4,
TN,CHR,79,3,
TN,CHR,80,4,0
TN,CHR,81,5,
TN,CHR,82,6,
TN,CHR,83,12,
TN,CHR,84,10,
TN,CHR,85,7,
TN,CHR,86,13,
TN,CHR,87,8,
TN,CHR,88,12,
TN,CHR,89,4,
TN,CHR,90,8,50
TN,CHR,91,3,
TN,CHR,92,4,
TN,CHR,93,5,
TN,CHR,94,13,
TN,CHR,95,12,
TN,CHR,96,9,
TN,CHR,97,8,
TN,CHR,98,4,
TN,CHR,99,4,
TN,CHR,100,5,0
TN,SAL,1,5,
TN,SAL,2,4,
TN,SAL,3,4,
TN,SAL,4,5,
TN,SAL,5,7,
TN,SAL,6,6,
TN,SAL,7,5,
TN,SAL,8,5,
TN,SAL,9,4,
TN,SAL,10,3,0
TN,SAL,11,7,
TN,SAL,12,4,
TN,SAL,13,4,
TN,SAL,14,6,
TN,SAL,15,5,
TN,SAL,16,9,
TN,SAL,17,6,
TN,SAL,18,2,
TN,SAL,19,5,
TN,SAL,20,5,0
TN,SAL,21,11,
TN,SAL,22,9,
TN,SAL,23,4,
TN,SAL,24,3,
TN,SAL,25,3,
TN,SAL,26,4,
TN,SAL,27,6,
TN,SAL,28,7,
TN,SAL,29,10,
TN,SAL,30,5,0
TN,SAL,31,3,
TN,SAL,32,6,
TN,SAL,33,8,
TN,SAL,34,6,
TN,SAL,35,8,
TN,SAL,36,6,
TN,SAL,37,10,
TN,SAL,38,7,
TN,SAL,39,5,
TN,SAL,40,2,0
TN,SAL,41,10,
TN,SAL,42,3,
TN,SAL,43,9,
TN,SAL,44,2,
TN,SAL,45,5,
TN,SAL,46,5,
TN,SAL,47,4,
TN,SAL,48,3,
TN,SAL,49,6,
TN,SAL,50,6,50
TN,SAL,51,4,
TN,SAL,52,7,
TN,SAL,53,5,
TN,SAL,54,7,
TN,SAL,55,5,
TN,SAL,56,10,
TN,SAL,57,5,
TN,SAL,58,4,
TN,SAL,59,5,
TN,SAL,60,6,0
TN,SAL,61,4,
TN,SAL,62,3,
TN,SAL,63,5,
TN,SAL,64,2,
TN,SAL,65,2,
TN,SAL,66,5,
TN,SAL,67,3,
TN,SAL,68,5,
TN,SAL,69,2,
TN,SAL,70,2,0
TN,SAL,71,4,
TN,SAL,72,7,
TN,SAL,73,7,
TN,SAL,74,7,
TN,SAL,75,12,
TN,SAL,76,5,
TN,SAL,77,9,
TN,SAL,78,7,
TN,SAL,79,3,
TN,SAL,80,3,0
TN,SAL,81,5,
TN,SAL,82,12,
TN,SAL,83,7,
TN,SAL,84,5,
TN,SAL,85,7,
TN,SAL,86,5,
TN,SAL,87,2,
TN,SAL,88,7,
TN,SAL,89,11,
TN,SAL,90,15,0
TN,SAL,91,6,
TN,SAL,92,8,
TN,SAL,93,5,
TN,SAL,94,14,
TN,SAL,95,7,
TN,SAL,96,4,
TN,SAL,97,6,
TN,SAL,98,3,
TN,SAL,99,3,
TN,SAL,100,3,0
TN,SQR,1,12,
TN,SQR,2,8,
TN,SQR,3,10,
TN,SQR,4,9,
TN,SQR,5,4,
TN,SQR,6,8,
TN,SQR,7,10,
TN,SQR,8,5,
TN,SQR,9,7,
TN,SQR,10,5,25
TN,SQR,11,8,
TN,SQR,12,8,
TN,SQR,13,2,
TN,SQR,14,8,
TN,SQR,15,12,
TN,SQR,16,6,
TN,SQR,17,6,
TN,SQR,18,3,
TN,SQR,19,5,
TN,SQR,20,4,0
TN,SQR,21,6,
TN,SQR,22,4,
TN,SQR,23,4,
TN,SQR,24,8,
TN,SQR,25,8,
TN,SQR,26,9,
TN,SQR,27,6,
TN,SQR,28,7,
TN,SQR,29,14,
TN,SQR,30,5,25
TN,SQR,31,12,
TN,SQR,32,7,
TN,SQR,33,4,
TN,SQR,34,12,
TN,SQR,35,9,
TN,SQR,36,4,
TN,SQR,37,5,
TN,SQR,38,3,
TN,SQR,39,6,
TN,SQR,40,6,
TN,SQR,41,4,0
TN,SQR,42,6,
TN,SQR,43,4,
TN,SQR,44,6,
TN,SQR,45,5,
TN,SQR,46,7,
TN,SQR,47,4,
TN,SQR,48,6,
TN,SQR,49,3,
TN,SQR,50,4,0
TN,SQR,51,3,
TN,SQR,52,6,
TN,SQR,53,4,
TN,SQR,54,4,
TN,SQR,55,4,
TN,SQR,56,9,
TN,SQR,57,5,
TN,SQR,58,4,
TN,SQR,59,4,
TN,SQR,60,5,25
TN,SQR,61,7,
TN,SQR,62,9,
TN,SQR,63,8,
TN,SQR,64,8,
TN,SQR,65,6,
TN,SQR,66,10,
TN,SQR,67,4,
TN,SQR,68,6,
TN,SQR,69,5,
TN,SQR,70,16,75
TN,SQR,71,4,
TN,SQR,72,8,
TN,SQR,73,8,
TN,SQR,74,11,
TN,SQR,75,5,
TN,SQR,76,7,
TN,SQR,77,4,
TN,SQR,78,2,
TN,SQR,79,7,
TN,SQR,80,7,75
TN,SQR,81,5,
TN,SQR,82,8,
TN,SQR,83,4,
TN,SQR,84,5,
TN,SQR,85,5,
TN,SQR,86,7,
TN,SQR,87,6,
TN,SQR,88,5,
TN,SQR,89,4,
TN,SQR,90,6,75
TN,SQR,91,4,
TN,SQR,92,3,
TN,SQR,93,5,
TN,SQR,94,6,
TN,SQR,95,6,
TN,SQR,96,5,
TN,SQR,97,3,
TN,SQR,98,5,
TN,SQR,99,10,
TN,SQR,100,6,0
TN,SWR,1,12,
TN,SWR,2,11,
TN,SWR,3,6,
TN,SWR,4,8,
TN,SWR,5,8,
TN,SWR,6,10,
TN,SWR,7,5,
TN,SWR,8,5,
TN,SWR,9,11,
TN,SWR,10,6,50
TN,SWR,11,8,
TN,SWR,12,7,
TN,SWR,13,9,
TN,SWR,14,8,
TN,SWR,15,7,
TN,SWR,16,11,
TN,SWR,17,3,
TN,SWR,18,5,
TN,SWR,19,9,
TN,SWR,20,6,0
TN,SWR,21,6,
TN,SWR,22,9,
TN,SWR,23,7,
TN,SWR,24,10,
TN,SWR,25,8,
TN,SWR,26,10,
TN,SWR,27,9,
TN,SWR,28,10,
TN,SWR,29,5,
TN,SWR,30,6,25
TN,SWR,31,6,
TN,SWR,32,6,
TN,SWR,33,6,
TN,SWR,34,6,
TN,SWR,35,10,
TN,SWR,36,9,
TN,SWR,37,7,
TN,SWR,38,10,
TN,SWR,39,5,
TN,SWR,40,7,25
TN,SWR,41,8,
TN,SWR,42,99,
TN,SWR,43,8,
TN,SWR,44,7,
TN,SWR,45,8,
TN,SWR,46,11,
TN,SWR,47,9,
TN,SWR,48,8,
TN,SWR,49,9,
TN,SWR,50,7,0
TN,SWR,51,8,
TN,SWR,52,8,
TN,SWR,53,13,
TN,SWR,54,8,
TN,SWR,55,5,
TN,SWR,56,6,
TN,SWR,57,10,
TN,SWR,58,10,
TN,SWR,59,8,
TN,SWR,60,6,0
TN,SWR,61,6,
TN,SWR,62,6,
TN,SWR,63,8,
TN,SWR,64,6,
TN,SWR,65,7,
TN,SWR,66,8,
TN,SWR,67,9,
TN,SWR,68,4,
TN,SWR,69,9,
TN,SWR,70,7,0
TN,SWR,71,7,
TN,SWR,72,10,
TN,SWR,73,6,
TN,SWR,74,6,
TN,SWR,75,9,
TN,SWR,76,15,
TN,SWR,77,8,
TN,SWR,78,7,
TN,SWR,79,8,
TN,SWR,80,12,0
TN,SWR,81,7,
TN,SWR,82,10,
TN,SWR,83,10,
TN,SWR,84,2,
TN,SWR,85,11,
TN,SWR,86,10,
TN,SWR,87,7,
TN,SWR,88,5,
TN,SWR,89,6,
TN,SWR,90,10,0
TN,SWR,91,6,
TN,SWR,92,9,
TN,SWR,93,9,
TN,SWR,94,10,
TN,SWR,95,7,
TN,SWR,96,7,
TN,SWR,97,7,
TN,SWR,98,7,
TN,SWR,99,7,
TN,SWR,100,7,0
TN,DAV,1,9,
TN,DAV,2,6,
TN,DAV,3,4,
TN,DAV,4,11,
TN,DAV,5,6,
TN,DAV,6,12,
TN,DAV,7,7,
TN,DAV,8,6,
TN,DAV,9,6,
TN,DAV,10,5,0
TN,DAV,11,4,
TN,DAV,12,12,
TN,DAV,13,4,
TN,DAV,14,7,
TN,DAV,15,7,
TN,DAV,16,5,
TN,DAV,17,3,
TN,DAV,18,3,
TN,DAV,19,6,
TN,DAV,20,11,0
TN,DAV,21,8,
TN,DAV,22,5,
TN,DAV,23,4,
TN,DAV,24,6,
TN,DAV,25,7,
TN,DAV,26,6,
TN,DAV,27,3,
TN,DAV,28,6,
TN,DAV,29,5,
TN,DAV,30,10,0
TN,DAV,31,5,
TN,DAV,32,10,
TN,DAV,33,7,
TN,DAV,34,8,
TN,DAV,35,6,
TN,DAV,36,3,
TN,DAV,37,6,
TN,DAV,38,7,
TN,DAV,39,7,
TN,DAV,40,6,25
TN,DAV,41,5,
TN,DAV,42,5,
TN,DAV,43,6,
TN,DAV,44,8,
TN,DAV,45,5,
TN,DAV,46,6,
TN,DAV,47,3,
TN,DAV,48,4,
TN,DAV,49,5,
TN,DAV,50,5,75
TN,DAV,51,5,
TN,DAV,52,4,
TN,DAV,53,8,
TN,DAV,54,4,
TN,DAV,55,5,
TN,DAV,56,6,
TN,DAV,57,5,
TN,DAV,58,5,
TN,DAV,59,12,
TN,DAV,60,6,75
TN,DAV,61,8,
TN,DAV,62,3,
TN,DAV,63,5,
TN,DAV,64,19,
TN,DAV,65,9,
TN,DAV,66,9,
TN,DAV,67,5,
TN,DAV,68,8,
TN,DAV,69,8,
TN,DAV,70,6,75
TN,DAV,71,8,
TN,DAV,72,4,
TN,DAV,73,5,
TN,DAV,74,8,
TN,DAV,75,7,
TN,DAV,76,8,
TN,DAV,77,6,
TN,DAV,78,4,
TN,DAV,79,8,
TN,DAV,80,7,50
TN,DAV,81,3,
TN,DAV,82,6,
TN,DAV,83,7,
TN,DAV,84,4,
TN,DAV,85,11,
TN,DAV,86,10,
TN,DAV,87,5,
TN,DAV,88,8,
TN,DAV,89,7,
TN,DAV,90,6,25
TN,DAV,91,6,
TN,DAV,92,8,
TN,DAV,93,5,
TN,DAV,94,3,
TN,DAV,95,4,
TN,DAV,96,6,
TN,DAV,97,5,
TN,DAV,98,5,
TN,DAV,99,11,
TN,DAV,100,7,25
TN,SPK,1,6,
TN,SPK,2,8,
TN,SPK,3,9,
TN,SPK,4,8,
TN,SPK,5,7,
TN,SPK,6,4,
TN,SPK,7,7,
TN,SPK,8,9,
TN,SPK,9,5,
TN,SPK,10,13,50
TN,SPK,11,6,
TN,SPK,12,6,
TN,SPK,13,6,
TN,SPK,14,4,
TN,SPK,15,3,
TN,SPK,16,11,
TN,SPK,17,7,
TN,SPK,18,3,
TN,SPK,19,6,
TN,SPK,20,6,75
TN,SPK,21,6,
TN,SPK,22,5,
TN,SPK,23,3,
TN,SPK,24,4,
TN,SPK,25,5,
TN,SPK,26,7,
TN,SPK,27,5,
TN,SPK,28,4,
TN,SPK,29,9,
TN,SPK,30,4,25
TN,SPK,31,5,
TN,SPK,32,6,
TN,SPK,33,5,
TN,SPK,34,6,
TN,SPK,35,6,
TN,SPK,36,4,
TN,SPK,37,4,
TN,SPK,38,8,
TN,SPK,39,4,
TN,SPK,40,6,0
TN,SPK,41,4,
TN,SPK,42,5,
TN,SPK,43,4,
TN,SPK,44,5,
TN,SPK,45,5,
TN,SPK,46,7,
TN,SPK,47,4,
TN,SPK,48,5,
TN,SPK,49,4,
TN,SPK,50,4,0
TN,SPK,51,5,
TN,SPK,52,7,
TN,SPK,53,8,
TN,SPK,54,6,
TN,SPK,55,5,
TN,SPK,56,5,
TN,SPK,57,5,
TN,SPK,58,3,
TN,SPK,59,7,
TN,SPK,60,13,50
TN,SPK,61,9,
TN,SPK,62,3,
TN,SPK,63,5,
TN,SPK,64,5,
TN,SPK,65,8,
TN,SPK,66,3,
TN,SPK,67,5,
TN,SPK,68,8,
TN,SPK,69,9,
TN,SPK,70,5,25
TN,SPK,71,4,
TN,SPK,72,6,
TN,SPK,73,6,
TN,SPK,74,7,
TN,SPK,75,5,
TN,SPK,76,5,
TN,SPK,77,6,
TN,SPK,78,5,
TN,SPK,79,5,
TN,SPK,80,7,25
TN,SPK,81,8,
TN,SPK,82,4,
TN,SPK,83,9,
TN,SPK,84,6,
TN,SPK,85,7,
TN,SPK,86,7,
TN,SPK,87,7,
TN,SPK,88,9,
TN,SPK,89,8,
TN,SPK,90,6,75
TN,SPK,91,9,
TN,SPK,92,2,
TN,SPK,93,3,
TN,SPK,94,6,
TN,SPK,95,5,
TN,SPK,96,8,
TN,SPK,97,4,
TN,SPK,98,5,
TN,SPK,99,4,
TN,SPK,100,5,75
TN,RPS,1,6,
TN,RPS,2,9,
TN,RPS,3,6,
TN,RPS,4,5,
TN,RPS,5,7,
TN,RPS,6,8,
TN,RPS,7,5,
TN,RPS,8,6,
TN,RPS,9,6,
TN,RPS,10,9,75
TN,RPS,11,6,
TN,RPS,12,7,
TN,RPS,13,10,
TN,RPS,14,7,
TN,RPS,15,5,
TN,RPS,16,6,
TN,RPS,17,8,
TN,RPS,18,6,
TN,RPS,19,6,
TN,RPS,20,6,0
TN,RPS,21,7,
TN,RPS,22,7,
TN,RPS,23,4,
TN,RPS,24,9,
TN,RPS,25,5,
TN,RPS,26,8,
TN,RPS,27,6,
TN,RPS,28,5,
TN,RPS,29,7,
TN,RPS,30,6,50
TN,RPS,31,7,
TN,RPS,32,4,
TN,RPS,33,7,
TN,RPS,34,6,
TN,RPS,35,9,
TN,RPS,36,7,
TN,RPS,37,7,
TN,RPS,38,8,
TN,RPS,39,6,
TN,RPS,40,6,25
TN,RPS,41,6,
TN,RPS,42,8,
TN,RPS,43,7,
TN,RPS,44,6,
TN,RPS,45,5,
TN,RPS,46,5,
TN,RPS,47,6,
TN,RPS,48,7,
TN,RPS,49,8,
TN,RPS,50,7,25
TN,RPS,51,8,
TN,RPS,52,6,
TN,RPS,53,8,
TN,RPS,54,5,
TN,RPS,55,4,
TN,RPS,56,5,
TN,RPS,57,7,
TN,RPS,58,6,
TN,RPS,59,4,
TN,RPS,60,5,
TN,RPS,61,5,0
TN,RPS,62,8,
TN,RPS,63,8,
TN,RPS,64,6,
TN,RPS,65,6,
TN,RPS,66,5,
TN,RPS,67,5,
TN,RPS,68,8,
TN,RPS,69,7,
TN,RPS,70,6,
TN,RPS,71,4,
TN,RPS,72,6,
TN,RPS,73,11,
TN,RPS,74,9,75
TN,RPS,75,5,
TN,RPS,76,6,
TN,RPS,77,5,
TN,RPS,78,7,
TN,RPS,79,5,
TN,RPS,80,8,25
TN,RPS,81,7,
TN,RPS,82,6,
TN,RPS,83,8,
TN,RPS,84,6,
TN,RPS,85,8,
TN,RPS,86,5,
TN,RPS,87,5,
TN,RPS,88,9,
TN,RPS,89,5,
TN,RPS,90,9,50
TN,RPS,91,9,
TN,RPS,92,8,
TN,RPS,93,5,
TN,RPS,94,5,
TN,RPS,95,5,
TN,RPS,96,4,
TN,RPS,97,3,
TN,RPS,98,5,
TN,RPS,99,5,
TN,RPS,100,7,50
TN,BIG,1,10,
TN,BIG,2,6,
TN,BIG,3,10,
TN,BIG,4,7,
TN,BIG,5,6,
TN,BIG,6,4,
TN,BIG,7,7,
TN,BIG,8,5,
TN,BIG,9,16,
TN,BIG,10,7,25
TN,BIG,11,5,
TN,BIG,12,6,
TN,BIG,13,3,
TN,BIG,14,6,
TN,BIG,15,16,
TN,BIG,16,6,
TN,BIG,17,6,
TN,BIG,18,7,
TN,BIG,19,6,
TN,BIG,20,9,25
TN,BIG,21,7,
TN,BIG,22,4,
TN,BIG,23,10,
TN,BIG,24,14,
TN,BIG,25,6,
TN,BIG,26,4,
TN,BIG,27,10,
TN,BIG,28,4,
TN,BIG,29,9,
TN,BIG,30,5,0
TN,BIG,31,9,
TN,BIG,32,7,
TN,BIG,33,7,
TN,BIG,34,5,
TN,BIG,35,3,
TN,BIG,36,6,
TN,BIG,37,9,
TN,BIG,38,7,
TN,BIG,39,5,
TN,BIG,40,3,0
TN,BIG,41,5,
TN,BIG,42,7,
TN,BIG,43,10,
TN,BIG,44,9,
TN,BIG,45,6,
TN,BIG,46,10,
TN,BIG,47,9,
TN,BIG,48,7,
TN,BIG,49,4,
TN,BIG,50,7,50
TN,BIG,51,9,
TN,BIG,52,6,
TN,BIG,53,7,
TN,BIG,54,10,
TN,BIG,55,8,
TN,BIG,56,4,
TN,BIG,57,7,
TN,BIG,58,4,
TN,BIG,59,2,
TN,BIG,60,3,50
TN,BIG,61,13,
TN,BIG,62,11,
TN,BIG,63,9,
TN,BIG,64,7,
TN,BIG,65,5,
TN,BIG,66,7,
TN,BIG,67,9,
TN,BIG,68,3,
TN,BIG,69,3,
TN,BIG,70,5,25
TN,BIG,71,12,
TN,BIG,72,6,
TN,BIG,73,5,
TN,BIG,74,4,
TN,BIG,75,7,
TN,BIG,76,7,
TN,BIG,77,7,
TN,BIG,78,10,
TN,BIG,79,4,
TN,BIG,80,20,0
TN,BIG,81,5,
TN,BIG,82,5,
TN,BIG,83,9,
TN,BIG,84,10,
TN,BIG,85,4,
TN,BIG,86,10,
TN,BIG,87,13,
TN,BIG,88,2,
TN,BIG,89,3,
TN,BIG,90,11,50
TN,BIG,91,2,
TN,BIG,92,7,
TN,BIG,93,10,
TN,BIG,94,8,
TN,BIG,95,4,
TN,BIG,96,9,
TN,BIG,97,7,
TN,BIG,98,9,
TN,BIG,99,2,
TN,BIG,100,7,25
TN,JUS,1,4,
TN,JUS,2,11,
TN,JUS,3,10,
TN,JUS,4,4,
TN,JUS,5,14,
TN,JUS,6,9,
TN,JUS,7,7,
TN,JUS,8,10,
TN,JUS,9,5,
TN,JUS,10,17,0
TN,JUS,11,3,
TN,JUS,12,4,
TN,JUS,13,4,
TN,JUS,14,10,
TN,JUS,15,10,
TN,JUS,16,4,
TN,JUS,17,10,
TN,JUS,18,2,
TN,JUS,19,6,
TN,JUS,20,7,0
TN,JUS,21,3,
TN,JUS,22,5,
TN,JUS,23,7,
TN,JUS,24,5,
TN,JUS,25,1,
TN,JUS,26,5,
TN,JUS,27,2,
TN,JUS,28,5,
TN,JUS,29,4,
TN,JUS,30,4,0
TN,JUS,31,2,
TN,JUS,32,4,
TN,JUS,33,12,
TN,JUS,34,3,
TN,JUS,35,6,
TN,JUS,36,6,
TN,JUS,37,4,
TN,JUS,38,4,
TN,JUS,39,3,
TN,JUS,40,20,0
TN,JUS,41,6,
TN,JUS,42,9,
TN,JUS,43,4,
TN,JUS,44,5,
TN,JUS,45,4,
TN,JUS,46,13,
TN,JUS,47,10,
TN,JUS,48,10,
TN,JUS,49,4,
TN,JUS,50,4,0
TN,JUS,51,7,
TN,JUS,52,15,
TN,JUS,53,6,
TN,JUS,54,14,
TN,JUS,55,10,
TN,JUS,56,9,
TN,JUS,57,8,
TN,JUS,58,9,
TN,JUS,59,5,
TN,JUS,60,7,0
TN,JUS,61,8,
TN,JUS,62,3,
TN,JUS,63,16,
TN,JUS,64,10,
TN,JUS,65,6,
TN,JUS,66,7,
TN,JUS,67,3,
TN,JUS,68,5,
TN,JUS,69,20,
TN,JUS,70,10,50
TN,JUS,71,12,
TN,JUS,72,7,
TN,JUS,73,3,
TN,JUS,74,6,
TN,JUS,75,9,
TN,JUS,76,18,
TN,JUS,77,7,
TN,JUS,78,6,
TN,JUS,79,3,
TN,JUS,80,13,50
TN,JUS,81,4,
TN,JUS,82,3,
TN,JUS,83,21,
TN,JUS,84,6,
TN,JUS,85,6,
TN,JUS,86,2,
TN,JUS,87,5,
TN,JUS,88,5,
TN,JUS,89,2,
TN,JUS,90,13,75
TN,JUS,91,5,
TN,JUS,92,4,
TN,JUS,93,3,
TN,JUS,94,6,
TN,JUS,95,15,
TN,JUS,96,6,
TN,JUS,97,3,
TN,JUS,98,3,
TN,JUS,99,14,
TN,JUS,100,3,0
TN,BLD,1,5,
TN,BLD,2,5,
TN,BLD,3,3,
TN,BLD,4,5,
TN,BLD,5,4,
TN,BLD,6,3,
TN,BLD,7,4,
TN,BLD,8,8,
TN,BLD,9,2,
TN,BLD,10,3,0
TN,BLD,11,1,
TN,BLD,12,3,
TN,BLD,13,4,
TN,BLD,14,2,
TN,BLD,15,5,
TN,BLD,16,1,
TN,BLD,17,2,
TN,BLD,18,1,
TN,BLD,19,2,
TN,BLD,20,4,25
TN,BLD,21,4,
TN,BLD,22,2,
TN,BLD,23,3,
TN,BLD,24,5,
TN,BLD,25,2,
TN,BLD,26,5,
TN,BLD,27,4,
TN,BLD,28,6,
TN,BLD,29,3,
TN,BLD,30,2,0
TN,BLD,31,5,
TN,BLD,32,3,
TN,BLD,33,13,
TN,BLD,34,5,
TN,BLD,35,4,
TN,BLD,36,5,
TN,BLD,37,5,
TN,BLD,38,5,
TN,BLD,39,10,
TN,BLD,40,15,75
TN,BLD,41,6,
TN,BLD,42,4,
TN,BLD,43,2,
TN,BLD,44,3,
TN,BLD,45,3,
TN,BLD,46,3,
TN,BLD,47,3,
TN,BLD,48,7,
TN,BLD,49,4,
TN,BLD,50,5,0
TN,BLD,51,7,
TN,BLD,52,2,
TN,BLD,53,5,
TN,BLD,54,3,
TN,BLD,55,5,
TN,BLD,56,4,
TN,BLD,57,9,
TN,BLD,58,11,
TN,BLD,59,4,
TN,BLD,60,3,0
TN,BLD,61,4,
TN,BLD,62,3,
TN,BLD,63,3,
TN,BLD,64,3,
TN,BLD,65,15,
TN,BLD,66,7,
TN,BLD,67,14,
TN,BLD,68,3,
TN,BLD,69,4,
TN,BLD,70,3,0
TN,BLD,71,3,
TN,BLD,72,5,
TN,BLD,73,4,
TN,BLD,74,2,
TN,BLD,75,2,
TN,BLD,76,3,
TN,BLD,77,2,
TN,BLD,78,6,
TN,BLD,79,3,
TN,BLD,80,5,0
TN,BLD,81,5,
TN,BLD,82,6,
TN,BLD,83,4,
TN,BLD,84,2,
TN,BLD,85,5,
TN,BLD,86,7,
TN,BLD,87,6,
TN,BLD,88,2,
TN,BLD,89,9,
TN,BLD,90,2,0
TN,BLD,91,4,
TN,BLD,92,2,
TN,BLD,93,2,
TN,BLD,94,4,
TN,BLD,95,8,
TN,BLD,96,2,
TN,BLD,97,2,
TN,BLD,98,2,
TN,BLD,99,6,
TN,BLD,100,4,50
TN,BFF,1,7,
TN,BFF,2,6,
TN,BFF,3,9,
TN,BFF,4,8,
TN,BFF,5,8,
TN,BFF,6,6,
TN,BFF,7,7,
TN,BFF,8,7,
TN,BFF,9,4,
TN,BFF,10,7,75
TN,BFF,11,5,
TN,BFF,12,7,
TN,BFF,13,6,
TN,BFF,14,6,
TN,BFF,15,5,
TN,BFF,16,7,
TN,BFF,17,5,
TN,BFF,18,11,
TN,BFF,19,5,
TN,BFF,20,6,50
TN,BFF,21,5,
TN,BFF,22,7,
TN,BFF,23,7,
TN,BFF,24,5,
TN,BFF,25,8,
TN,BFF,26,5,
TN,BFF,27,7,
TN,BFF,28,9,
TN,BFF,29,6,
TN,BFF,30,5,0
TN,BFF,31,4,
TN,BFF,32,9,
TN,BFF,33,5,
TN,BFF,34,6,
TN,BFF,35,10,
TN,BFF,36,6,
TN,BFF,37,5,
TN,BFF,38,7,
TN,BFF,39,5,
TN,BFF,40,4,0
TN,BFF,41,5,
TN,BFF,42,5,
TN,BFF,43,6,
TN,BFF,44,6,
TN,BFF,45,6,
TN,BFF,46,6,
TN,BFF,47,6,
TN,BFF,48,7,
TN,BFF,49,7,
TN,BFF,50,6,25
TN,BFF,51,9,
TN,BFF,52,4,
TN,BFF,53,8,
TN,BFF,54,15,
TN,BFF,55,6,
TN,BFF,56,3,
TN,BFF,57,7,
TN,BFF,58,9,
TN,BFF,59,5,
TN,BFF,60,5,25
TN,BFF,61,4,
TN,BFF,62,10,
TN,BFF,63,5,
TN,BFF,64,5,
TN,BFF,65,5,
TN,BFF,66,5,
TN,BFF,67,6,
TN,BFF,68,7,
TN,BFF,69,4,
TN,BFF,70,8,75
TN,BFF,71,6,
TN,BFF,72,6,
TN,BFF,73,6,
TN,BFF,74,6,
TN,BFF,75,7,
TN,BFF,76,8,
TN,BFF,77,6,
TN,BFF,78,10,
TN,BFF,79,9,
TN,BFF,80,5,75
TN,BFF,81,4,
TN,BFF,82,7,
TN,BFF,83,7,
TN,BFF,84,5,
TN,BFF,85,5,
TN,BFF,86,6,
TN,BFF,87,5,
TN,BFF,88,6,
TN,BFF,89,8,
TN,BFF,90,5,50
TN,BFF,91,8,
TN,BFF,92,8,
TN,BFF,93,7,
TN,BFF,94,8,
TN,BFF,95,9,
TN,BFF,96,5,
TN,BFF,97,5,
TN,BFF,98,3,
TN,BFF,99,6,
TN,BFF,100,5,25
TN,TIC,1,3,
TN,TIC,2,3,
TN,TIC,3,2,
TN,TIC,4,11,
TN,TIC,5,7,
TN,TIC,6,10,
TN,TIC,7,5,
TN,TIC,8,3,
TN,TIC,9,6,
TN,TIC,10,6,50
TN,TIC,11,3,
TN,TIC,12,7,
TN,TIC,13,6,
TN,TIC,14,8,
TN,TIC,15,3,
TN,TIC,16,4,
TN,TIC,17,4,
TN,TIC,18,4,
TN,TIC,19,7,
TN,TIC,20,4,0
TN,TIC,21,5,
TN,TIC,22,9,
TN,TIC,23,8,
TN,TIC,24,10,
TN,TIC,25,5,
TN,TIC,26,6,
TN,TIC,27,2,
TN,TIC,28,3,
TN,TIC,29,7,
TN,TIC,30,4,25
TN,TIC,31,2,
TN,TIC,32,4,
TN,TIC,33,2,
TN,TIC,34,3,
TN,TIC,35,4,
TN,TIC,36,5,
TN,TIC,37,7,
TN,TIC,38,8,
TN,TIC,39,3,
TN,TIC,40,13,25
TN,TIC,41,5,
TN,TIC,42,6,
TN,TIC,43,4,
TN,TIC,44,10,
TN,TIC,45,2,
TN,TIC,46,5,
TN,TIC,47,7,
TN,TIC,48,4,
TN,TIC,49,4,
TN,TIC,50,5,0
TN,TIC,51,3,
TN,TIC,52,4,
TN,TIC,53,7,
TN,TIC,54,9,
TN,TIC,55,5,
TN,TIC,56,7,
TN,TIC,57,5,
TN,TIC,58,4,
TN,TIC,59,3,
TN,TIC,60,4,0
TN,TIC,61,6,
TN,TIC,62,1,
TN,TIC,63,3,
TN,TIC,64,4,
TN,TIC,65,5,
TN,TIC,66,9,
TN,TIC,67,4,
TN,TIC,68,10,
TN,TIC,69,8,
TN,TIC,70,7,25
TN,TIC,71,7,
TN,TIC,72,3,
TN,TIC,73,5,
TN,TIC,74,2,
TN,TIC,75,4,
TN,TIC,76,3,
TN,TIC,77,6,
TN,TIC,78,8,
TN,TIC,79,4,
TN,TIC,80,4,0
TN,TIC,81,6,
TN,TIC,82,4,
TN,TIC,83,6,
TN,TIC,84,7,
TN,TIC,85,4,
TN,TIC,86,6,
TN,TIC,87,7,
TN,TIC,88,7,
TN,TIC,89,5,
TN,TIC,90,8,0
TN,TIC,91,5,
TN,TIC,92,6,
TN,TIC,93,5,
TN,TIC,94,5,
TN,TIC,95,3,
TN,TIC,96,6,
TN,TIC,97,3,
TN,TIC,98,2,
TN,TIC,99,5,
TN,TIC,100,10,0
TN,GTG,1,7,
TN,GTG,2,4,
TN,GTG,3,4,
TN,GTG,4,3,
TN,GTG,5,7,
TN,GTG,6,4,
TN,GTG,7,5,
TN,GTG,8,9,
TN,GTG,9,6,
TN,GTG,10,8,0
TN,GTG,11,6,
TN,GTG,12,5,
TN,GTG,13,9,
TN,GTG,14,8,
TN,GTG,15,7,
TN,GTG,16,8,
TN,GTG,17,6,
TN,GTG,18,11,
TN,GTG,19,7,
TN,GTG,20,7,25
TN,GTG,21,6,
TN,GTG,22,5,
TN,GTG,23,6,
TN,GTG,24,4,
TN,GTG,25,6,
TN,GTG,26,7,
TN,GTG,27,8,
TN,GTG,28,9,
TN,GTG,29,5,
TN,GTG,30,6,50
TN,GTG,31,5,
TN,GTG,32,5,
TN,GTG,33,8,
TN,GTG,34,8,
TN,GTG,35,5,
TN,GTG,36,5,
TN,GTG,37,6,
TN,GTG,38,7,
TN,GTG,39,5,
TN,GTG,40,7,75
TN,GTG,41,5,
TN,GTG,42,8,
TN,GTG,43,8,
TN,GTG,44,6,
TN,GTG,45,8,
TN,GTG,46,5,
TN,GTG,47,7,
TN,GTG,48,13,
TN,GTG,49,9,0
TN,GTG,50,8,
TN,GTG,51,8,
TN,GTG,52,4,
TN,GTG,53,5,
TN,GTG,54,6,
TN,GTG,55,3,
TN,GTG,56,6,
TN,GTG,57,6,
TN,GTG,58,5,
TN,GTG,59,4,
TN,GTG,60,8,50
TN,GTG,61,8,
TN,GTG,62,6,
TN,GTG,63,6,
TN,GTG,64,5,
TN,GTG,65,5,
TN,GTG,66,5,
TN,GTG,67,7,
TN,GTG,68,8,
TN,GTG,69,8,
TN,GTG,70,7,0
TN,GTG,71,8,
TN,GTG,72,6,
TN,GTG,73,7,
TN,GTG,74,4,
TN,GTG,75,7,
TN,GTG,76,4,
TN,GTG,77,7,
TN,GTG,78,4,
TN,GTG,79,6,
TN,GTG,80,4,25
TN,GTG,81,6,
TN,GTG,82,5,
TN,GTG,83,6,
TN,GTG,84,4,
TN,GTG,85,4,
TN,GTG,86,10,
TN,GTG,87,6,
TN,GTG,88,6,
TN,GTG,89,8,
TN,GTG,90,5,25
TN,GTG,91,10,
TN,GTG,92,5,
TN,GTG,93,8,
TN,GTG,94,8,
TN,GTG,95,4,
TN,GTG,96,5,
TN,GTG,97,6,
TN,GTG,98,6,
TN,GTG,99,6,
TN,GTG,100,3,25
